article_link,article_title
https://www.cnbcindonesia.com/research/20240503132707-128-535535/demo-bak-ri-98-meluas-di-as-nasib-biden-di-ujung-tanduk,"Demo 'Bak RI 98' Meluas di AS, Nasib Biden di Ujung Tanduk"
https://www.cnbcindonesia.com/news/20240505151255-4-535863/sby-singgung-konflik-israel-palestina-blak-blakan-bicara-begini,"SBY Singgung Konflik Israel-Palestina, Blak-blakan Bicara Begini"
https://www.cnbcindonesia.com/news/20240504074253-8-535681/demo-pro-palestina-menggema-di-seluruh-dunia-dari-asia-as-eropa,"Demo Pro-Palestina Menggema di Seluruh Dunia, Dari Asia, AS & Eropa"
https://www.cnbcindonesia.com/news/20240504070846-8-535679/video-7-bulan-perang-kelaparan-penyebaran-penyakit-mengancam-gaza,"Video: 7 Bulan Perang, Kelaparan & Penyebaran Penyakit Mengancam Gaza"
https://www.cnbcindonesia.com/news/20240504125638-4-535731/taipan-as-setop-dana-ke-univesitas-brown-imbas-demo-di-kampus,Taipan AS Setop Dana ke Univesitas Brown Imbas Demo di Kampus
https://www.cnbcindonesia.com/news/20240504122627-4-535720/tak-hanya-di-as-demo-mahasiswa-pro-palestina-menjalar-ke-australia,"Tak Hanya di AS, Demo Mahasiswa Pro-Palestina Menjalar ke Australia"
https://www.cnbcindonesia.com/news/20240503185848-4-535653/alasan-sepi-demo-mahasiswa-pro-palestina-kecam-israel-di-negara-arab,Alasan Sepi Demo Mahasiswa Pro-Palestina & Kecam Israel di Negara Arab
https://www.cnbcindonesia.com/news/20240503184656-4-535649/mengenal-divestasi-dalam-tuntutan-mahasiswa-yang-demo-bela-palestina,Mengenal Divestasi dalam Tuntutan Mahasiswa yang Demo Bela Palestina
https://www.cnbcindonesia.com/news/20240503172129-4-535619/demo-bak-ri-98-menggema-di-seluruh-dunia-dari-as-eropa-hingga-asia,"Demo 'Bak RI 98' Menggema di Seluruh Dunia, dari AS-Eropa hingga Asia"
https://www.cnbcindonesia.com/news/20240503124800-4-535513/erdogan-ngamuk-turki-hentikan-semua-perdagangan-dengan-israel,"Erdogan Ngamuk, Turki Hentikan Semua Perdagangan dengan Israel"
https://www.cnbcindonesia.com/news/20240503122410-4-535501/demo-as-bak-ri-98-masih-ngeri-2000-ditangkap-biden-turun-gunung,"Demo AS 'Bak RI 98' Masih Ngeri, 2.000 Ditangkap-Biden Turun Gunung"
https://www.cnbcindonesia.com/news/20240502183233-16-535326/fakta-mahasiswa-as-ramai-demo-besar-besaran-mirip-ri-1998,"Fakta Mahasiswa AS Ramai Demo Besar-besaran, Mirip RI 1998"
https://www.cnbcindonesia.com/news/20240503094549-8-535442/video-meski-didemo-mahasiswa-kampus-biden-keukeuh-bela-israel,"Video: Meski Didemo Mahasiswa & Kampus, Biden ""Keukeuh"" Bela Israel"
https://www.cnbcindonesia.com/news/20240503074938-4-535401/netanyahu-stres-diburu-icc-israel-ancam-balas-ke-pemerintah-palestina,"Netanyahu Stres Diburu ICC, Israel Ancam Balas ke Pemerintah Palestina"
https://www.cnbcindonesia.com/news/20240502164639-4-535281/ada-apa-as-saat-demo-mahasiswa-ditangkapi-negara-paling-demokrasi,Ada Apa AS? Saat Demo Mahasiswa Ditangkapi 'Negara Paling Demokrasi'
https://www.cnbcindonesia.com/news/20240502175448-4-535310/dokumen-negosiasi-dengan-israel-bocor-begini-kata-hamas,"Dokumen Negosiasi dengan Israel Bocor, Begini Kata Hamas"
https://www.cnbcindonesia.com/news/20240502172635-8-535291/dukung-palestina-kolombia-putus-hubungan-diplomatik-dengan-israel,"Dukung Palestina, Kolombia Putus Hubungan Diplomatik Dengan Israel"
https://www.cnbcindonesia.com/news/20240502121523-8-535165/video-pedemo-palestina-di-kampus-as-diserbu-massa-pro-israel,Video: Pedemo Palestina di Kampus AS Diserbu Massa Pro Israel
https://www.cnbcindonesia.com/news/20240502073946-4-535057/ramai-pasukan-israel-membelot-netanyahu-kibarkan-bendera-putih,"Ramai Pasukan Israel Membelot Netanyahu, Kibarkan 'Bendera Putih'"
https://www.cnbcindonesia.com/news/20240501175824-4-534992/tak-peduli-perundingan-dengan-hamas-netanyahu-bersumpah-serang-rafah,"Tak Peduli Perundingan dengan Hamas, Netanyahu Bersumpah Serang Rafah"
https://www.cnbcindonesia.com/news/20240501134128-8-534931/bantuan-dikirim-melalui-udara-ke-gaza-utara,Bantuan Dikirim Melalui Udara Ke Gaza Utara
https://www.cnbcindonesia.com/news/20240501104122-4-534886/demo-mahasiswa-bak-ri-98-menggila-di-as-polisi-turun-kampus-ancam-do,"Demo Mahasiswa Bak RI 98 Menggila di AS, Polisi Turun-Kampus Ancam DO"
https://www.cnbcindonesia.com/news/20240501070335-4-534828/geger-netanyahu-mau-ditangkap-merengek-ke-biden-minta-as-lakukan-ini,"Geger Netanyahu Mau Ditangkap, Merengek ke Biden-Minta AS Lakukan Ini"
https://www.cnbcindonesia.com/news/20240430154543-7-534706/as-bangun-dermaga-di-lepas-pantai-jalur-gaza-untuk-apa,"AS Bangun Dermaga di Lepas Pantai Jalur Gaza, Untuk Apa?"
https://www.cnbcindonesia.com/news/20240430204505-4-534811/bak-jakarta-98-demo-di-as-kian-gila-mahasiswa-kepung-kampus,"Bak Jakarta 98, Demo di AS Kian 'Gila'-Mahasiswa Kepung Kampus"
https://www.cnbcindonesia.com/news/20240430152244-4-534692/as-ungkap-5-unit-pasukan-israel-melanggar-ham-netanyahu-bakal-melawan,"AS Ungkap 5 Unit Pasukan Israel Melanggar HAM, Netanyahu Bakal Melawan"
https://www.cnbcindonesia.com/news/20240430160708-4-534721/dihajar-boikot-anti-israel-kfc-tutup-100-gerai-lebih-di-malaysia,"Dihajar Boikot Anti-Israel, KFC Tutup 100 Gerai Lebih di Malaysia"
https://www.cnbcindonesia.com/news/20240430091410-8-534522/video-as-umumkan-5-unit-militer-israel-melanggar-ham-warga-palestina,Video: AS Umumkan 5 Unit Militer Israel Melanggar HAM Warga Palestina
https://www.cnbcindonesia.com/news/20240430091522-8-534523/video-menlu-as-kopdar-dengan-putra-mahkota-arab-saudi,"Video: Menlu AS ""Kopdar"" Dengan Putra Mahkota Arab Saudi"
https://www.cnbcindonesia.com/news/20240430075005-4-534489/kronologi-sebab-netanyahu-bakal-ditangkap-bukan-gaza-7-oktober-tapi,"Kronologi-Sebab Netanyahu Bakal Ditangkap, Bukan Gaza 7 Oktober Tapi.."
https://www.cnbcindonesia.com/news/20240429144732-4-534323/bacapres-as-ditangkap-saat-demo-pro-palestina-begini-kronologinya,"Bacapres AS Ditangkap Saat Demo Pro-Palestina, Begini Kronologinya"
https://www.cnbcindonesia.com/news/20240429132929-4-534295/presiden-palestina-minta-bantuan-as-sebut-israel-manfaatkan-hamas,"Presiden Palestina Minta Bantuan AS, Sebut Israel Manfaatkan Hamas"
https://www.cnbcindonesia.com/news/20240429112626-8-534230/video-demo-ratusan-mahasiswa-di-as-bela-palestina-wni-ikut-serta,"Video: Demo Ratusan Mahasiswa di AS Bela Palestina, WNI Ikut Serta?"
https://www.cnbcindonesia.com/news/20240429115754-4-534242/update-terbaru-perang-gaza-gencatan-senjata-baru-demo-besar-kampus-as,Update Terbaru Perang Gaza: Gencatan Senjata Baru-Demo Besar Kampus AS
https://www.cnbcindonesia.com/news/20240429100803-4-534190/gedung-putih-respons-demo-besar-guncang-kampus-as-bela-palestina,Gedung Putih Respons Demo Besar Guncang Kampus AS Bela Palestina
https://www.cnbcindonesia.com/news/20240429082536-8-534148/video-israel-ketar-ketir-takut-netanyahu-ditangkap-icc,"Video: Israel Ketar-Ketir, Takut Netanyahu Ditangkap ICC"
https://www.cnbcindonesia.com/news/20240429082806-8-534152/video-polisi-as-tangkap-lebih-dari-150-orang-demonstran-pro-palestina,Video: Polisi AS Tangkap Lebih Dari 150 Orang Demonstran Pro-Palestina
https://www.cnbcindonesia.com/news/20240429073527-4-534139/prabowo-tiba-tiba-muncul-di-media-inggris-sindir-ini-ada-apa,"Prabowo Tiba-Tiba Muncul di Media Inggris & Sindir Ini, Ada Apa?"
https://www.cnbcindonesia.com/news/20240428163148-4-534092/ratusan-mahasiswa-kampus-elit-ditahan-karena-dukung-palestina,Ratusan Mahasiswa Kampus Elit Ditahan karena Dukung Palestina
https://www.cnbcindonesia.com/news/20240428054536-4-534014/terbaru-israel-buka-peluang-gencatan-senjata-di-gaza-ini-syaratnya,"Terbaru! Israel Buka Peluang Gencatan Senjata di Gaza, Ini Syaratnya"
https://www.cnbcindonesia.com/news/20240427111733-8-533937/video-polisi-paris-pisahkan-demonstran-pro-palestina-vs-pro-israel,Video: Polisi Paris Pisahkan Demonstran Pro-Palestina Vs Pro-Israel
https://www.cnbcindonesia.com/news/20240427103814-7-533939/potret-aparat-kepolisian-brutal-hadapi-demo-pro-palestina-di-as,Potret Aparat Kepolisian Brutal Hadapi Demo Pro-Palestina di AS
https://www.cnbcindonesia.com/news/20240426154457-4-533804/demo-besar-besaran-mahasiswa-as-chaos-polisi-tembakan-peluru-karet,"Demo Besar-besaran Mahasiswa AS Chaos, Polisi Tembakan Peluru Karet"
https://www.cnbcindonesia.com/news/20240426142539-4-533771/warga-israel-bergerak-menuju-gaza-ingin-bangun-permukiman-yahudi,"Warga Israel Bergerak Menuju Gaza, Ingin Bangun Permukiman Yahudi"
https://www.cnbcindonesia.com/news/20240426105037-4-533660/chaos-demo-kampus-kampus-as-terus-meluas-joe-biden-terdesak,"Chaos! Demo Kampus-Kampus AS Terus Meluas, Joe Biden Terdesak"
https://www.cnbcindonesia.com/news/20240426090345-8-533612/video-as-tangkap-500-mahasiswa-terlibat-demonstrasi-pro-palestina,Video: AS Tangkap 500 Mahasiswa Terlibat Demonstrasi Pro-Palestina
https://www.cnbcindonesia.com/news/20240425192834-7-533533/citra-satelit-ungkap-tanda-israel-bakal-serang-rafah-habis-habisan,Citra Satelit Ungkap Tanda Israel Bakal Serang Rafah Habis-habisan
https://www.cnbcindonesia.com/news/20240426050208-4-533555/israel-siapkan-serangan-terakhir-hancurkan-hamas-as-cs-warning-ini,"Israel Siapkan Serangan Terakhir Hancurkan Hamas, AS Cs Warning Ini"
https://www.cnbcindonesia.com/news/20240425185543-8-533513/miris-ratusan-jenazah-ditemukan-dalam-kondisi-terikat-di-rs-palestina,Miris! Ratusan Jenazah Ditemukan Dalam Kondisi Terikat di RS Palestina
https://www.cnbcindonesia.com/news/20240424103420-7-532940/potret-demo-guncang-kampus-kampus-as-mahasiswa-ditangkapi-karena-ini,"Potret Demo Guncang Kampus-Kampus AS, Mahasiswa Ditangkapi karena Ini"
https://www.cnbcindonesia.com/news/20240424185907-4-533166/geger-kuburan-massal-di-dua-rumah-sakit-gaza-pbb-serukan-investigasi,"Geger Kuburan Massal di Dua Rumah Sakit Gaza, PBB Serukan Investigasi"
https://www.cnbcindonesia.com/news/20240423202404-8-532787/video-pengunjuk-rasa-pro-palestina-ditangkap-di-new-york-university,Video: Pengunjuk Rasa Pro Palestina Ditangkap di New York University
https://www.cnbcindonesia.com/news/20240423175301-4-532741/israel-gagal-buktikan-badan-pbb-unrwa-bantu-hamas-di-gaza,Israel Gagal Buktikan Badan PBB UNRWA Bantu Hamas di Gaza
https://www.cnbcindonesia.com/news/20240422203132-4-532436/biden-hukum-pasukan-khusus-israel-netanyahu-siap-melawan,"Biden Hukum Pasukan Khusus Israel, Netanyahu Siap Melawan"
https://www.cnbcindonesia.com/news/20240422194403-4-532429/mengenal-netzah-yehuda-pasukan-khusus-israel-yang-digebuk-as,"Mengenal Netzah Yehuda, Pasukan Khusus Israel yang 'Digebuk' AS"
https://www.cnbcindonesia.com/news/20240422173725-8-532380/video-detik--detik-tentara-israel-kena-jebakan-bendera-palestina,Video: Detik - Detik Tentara Israel Kena Jebakan Bendera Palestina
https://www.cnbcindonesia.com/news/20240422172449-4-532371/kecolongan-serangan-hamas-bos-intelijen-militer-israel-resign,"Kecolongan Serangan Hamas, Bos Intelijen Militer Israel Resign"
https://www.cnbcindonesia.com/news/20240422080041-8-532100/video-timur-tengah-memanas-pangkalan-militer-as-di-suriah-diserang,"Video: Timur Tengah Memanas, Pangkalan Militer AS di Suriah Diserang"
https://www.cnbcindonesia.com/research/20240419153224-128-531735/daftar-sekutu-iran-tersebar-di-berbagai-penjuru-dunia,"Daftar Sekutu Iran, Tersebar di Berbagai Penjuru Dunia"
https://www.cnbcindonesia.com/news/20240419160530-4-531746/palestina-gagal-jadi-anggota-penuh-pbb-gegara-as-ini-reaksi-kemlu-ri,"Palestina Gagal Jadi Anggota Penuh PBB Gegara AS, Ini Reaksi Kemlu RI"
https://www.cnbcindonesia.com/news/20240419114033-8-531652/video-rupiah-krisis-lagi-hingga-palestina-gagal-jadi-anggota-ppb,Video: Rupiah Krisis Lagi Hingga Palestina Gagal Jadi Anggota PPB
https://www.cnbcindonesia.com/lifestyle/20240408133220-33-529342/saat-akun-instagram-jungkook-bts-penuh-desakan-dukung-palestina,Saat Akun Instagram JungKook BTS Penuh Desakan Dukung Palestina
https://www.cnbcindonesia.com/news/20240419085224-8-531550/video-as-veto-draf-resolusi-dk-pbb-usulkan-palestina-jadi-anggota-pbb,Video: AS Veto Draf Resolusi DK PBB Usulkan Palestina Jadi Anggota PBB
https://www.cnbcindonesia.com/news/20240418184708-7-531481/waspada-gempuran-iran-israel-siagakan-iron-dome-kapal-perang,"Waspada Gempuran Iran, Israel Siagakan Iron Dome & Kapal Perang"
https://www.cnbcindonesia.com/news/20240419075342-4-531531/hamas-buka-suara-soal-veto-as-tolak-palestina-jadi-anggota-penuh-pbb,Hamas Buka Suara soal Veto AS Tolak Palestina Jadi Anggota Penuh PBB
https://www.cnbcindonesia.com/news/20240419044723-4-531505/palestina-gagal-jadi-anggota-penuh-pbb-kena-veto-amerika-serikat,"Palestina Gagal Jadi Anggota Penuh PBB, Kena Veto Amerika Serikat"
https://www.cnbcindonesia.com/news/20240418181307-8-531469/video-ri-china-dukung-palestina-jadi-anggota-penuh-pbb,Video: RI-China Dukung Palestina Jadi Anggota Penuh PBB
https://www.cnbcindonesia.com/news/20240418141125-4-531365/kaki-tangan-xi-jinping-buka-bukaan-masalah-palestina-di-ri-sebut-ini,"Kaki Tangan Xi Jinping Buka-bukaan Masalah Palestina di RI, Sebut Ini"
https://www.cnbcindonesia.com/news/20240418111343-4-531284/menlu-china-wang-yi-sindir-habis-as-di-depan-menlu-retno-ada-apa,"Menlu China Wang Yi Sindir Habis AS di Depan Menlu Retno, Ada Apa?"
https://www.cnbcindonesia.com/news/20240418080442-4-531193/dewan-keamanan-tentukan-nasib-keanggotaan-palestina-di-pbb-diveto-as,"Dewan Keamanan Tentukan Nasib Keanggotaan Palestina di PBB, Diveto AS?"
https://www.cnbcindonesia.com/news/20240417073922-4-530868/putin-akhirnya-turun-gunung-telepon-presiden-iran-dan-beri-pesan-ini,"Putin Akhirnya Turun Gunung, Telepon Presiden Iran dan Beri Pesan Ini"
https://www.cnbcindonesia.com/news/20240415181806-7-530465/terusir-karena-perang-ribuan-warga-gaza-nekat-kembali-ke-rumah,"Terusir karena Perang, Ribuan Warga Gaza Nekat Kembali ke Rumah"
https://www.cnbcindonesia.com/news/20240416065908-4-530521/perang-iran-israel-bikin-yordania-pusing-tujuh-keliling-kenapa,"Perang Iran-Israel Bikin Yordania 'Pusing Tujuh Keliling', Kenapa?"
https://www.cnbcindonesia.com/research/20240415150655-128-530418/iran-israel-telah-bermusuhan-sejak-1979-ini-sejarahnya,"Iran-Israel Telah Bermusuhan Sejak 1979, Ini Sejarahnya"
https://www.cnbcindonesia.com/news/20240414171638-7-530304/penampakan-puing-roket-usai-iran-serang-israel,Penampakan Puing Roket Usai Iran Serang Israel
https://www.cnbcindonesia.com/news/20240414174623-7-530313/ngeri-ini-senjata-andalan-mematikan-milik-iran-bikin-gentar-as-israel,Ngeri! Ini Senjata Andalan Mematikan Milik Iran Bikin Gentar AS-Israel
https://www.cnbcindonesia.com/news/20240414145423-4-530283/iran-serang-israel-habis-habisan-begini-reaksi-hamas,"Iran Serang Israel Habis-habisan, Begini Reaksi Hamas"
https://www.cnbcindonesia.com/news/20240414133248-7-530271/potret-warga-iran-bersorak-usai-sukses-serang-israel,Potret Warga Iran Bersorak Usai Sukses Serang Israel
https://www.cnbcindonesia.com/news/20240414112407-4-530245/terkuak-ini-alasan-utama-iran-serang-israel,"Terkuak, Ini Alasan Utama Iran Serang Israel"
https://www.cnbcindonesia.com/news/20240414102348-7-530235/penampakan-rudal-iran-bombardir-israel,Penampakan Rudal Iran Bombardir Israel
https://www.cnbcindonesia.com/news/20240414095009-7-530221/potret-detik-detik-ratusan-drone-iran-serang-israel,Potret Detik-Detik Ratusan Drone Iran Serang Israel
https://www.cnbcindonesia.com/research/20240413170321-128-530152/di-ambang-perang-ini-sejarah-panjang-konflik-israel-vs-iran,Di Ambang Perang: Ini Sejarah Panjang Konflik Israel VS Iran
https://www.cnbcindonesia.com/news/20240413085417-7-530075/massa-bela-palestina-gelar-aksi-penuhi-jalanan-di-new-york,Massa Bela Palestina Gelar Aksi Penuhi Jalanan di New York
https://www.cnbcindonesia.com/news/20240412162302-7-529984/potret-haru-warga-palestina-berziarah-ke-makam-keluarga,Potret Haru Warga Palestina Berziarah ke Makam Keluarga
https://www.cnbcindonesia.com/news/20240412123417-8-529955/video-potret-anak-anak-di-gaza-saat-rayakan-idul-fitri,Video: Potret Anak-anak di Gaza Saat Rayakan Idul Fitri
https://www.cnbcindonesia.com/research/20240411142226-128-529803/perayaan-idul-fitri-tahun-ini-penuh-duka-dan-teror-bagi-warga-gaza,Perayaan Idul Fitri Tahun Ini Penuh Duka dan Teror Bagi Warga Gaza
https://www.cnbcindonesia.com/news/20240411114735-4-529784/tak-suka-gaza-dibombardir-brutal-israel-biden-semprot-netanyahu,"Tak Suka Gaza Dibombardir Brutal Israel, Biden Semprot Netanyahu"
https://www.cnbcindonesia.com/news/20240410180438-8-529694/video-biden-kritik-netanyahu-salahkan-soal-ini,"Video: Biden Kritik Netanyahu, Salahkan Soal Ini"
https://www.cnbcindonesia.com/news/20240410180244-8-529692/video-muslim-palestina-di-gaza-laksanakan-salat-id-di-tengah-agresi,Video: Muslim Palestina di Gaza Laksanakan Salat ID di Tengah Agresi
https://www.cnbcindonesia.com/news/20240410140402-4-529660/tanda-tanda-universitas-harvard-makin-tak-laku-muncul-fenomena-ini,"Tanda-Tanda Universitas Harvard Makin Tak Laku, Muncul Fenomena Ini"
https://www.cnbcindonesia.com/news/20240410133550-8-529655/video-sambut-lebaran-14-warga-palestina-tewas-akibat-serangan-israel,"Video: Sambut Lebaran, 14 Warga Palestina Tewas Akibat Serangan Israel"
https://www.cnbcindonesia.com/news/20240410132820-8-529653/video-akhirnya-indonesia-berhasil-kirim-bantuan-ke-gaza-via-hercules,Video: Akhirnya! Indonesia Berhasil Kirim Bantuan ke Gaza Via Hercules
https://www.cnbcindonesia.com/news/20240410110000-8-529628/israel-serang-palestina-di-malam-takbiran-14-orang-tewas,"Israel Serang Palestina di Malam Takbiran, 14 Orang Tewas"
https://www.cnbcindonesia.com/news/20240409232002-7-529569/potret-militer-yordania-jatuhkan-paket-bantuan-lebaran-ke-gaza,Potret Militer Yordania Jatuhkan Paket Bantuan Lebaran ke Gaza
https://www.cnbcindonesia.com/market/20240410082319-17-529588/negosiasi-israel-hamas-masih-alot-harga-minyak-dunia-mendingin,"Negosiasi Israel-Hamas Masih Alot, Harga Minyak Dunia Mendingin"
https://www.cnbcindonesia.com/news/20240410073232-4-529583/erdogan-nekat-hukum-netanyahu-israel-siap-balas-dendam,"Erdogan Nekat Hukum Netanyahu, Israel Siap Balas Dendam"
https://www.cnbcindonesia.com/news/20240409200039-8-529550/video-rusia-dukung-keanggotaan-tetap-palestina-di-pbb,Video: Rusia Dukung Keanggotaan Tetap Palestina Di PBB
https://www.cnbcindonesia.com/research/20240409133822-128-529496/jalur-rafah-jadi-harapan-hidup-jutaan-warga-palestina,Jalur Rafah Jadi Harapan Hidup Jutaan Warga Palestina
https://www.cnbcindonesia.com/news/20240409055046-4-529437/negosiasi-israel-hamas-di-mesir-gagal-netanyahu-siap-invasi-rafah,"Negosiasi Israel-Hamas di Mesir Gagal, Netanyahu Siap Invasi Rafah"
https://www.cnbcindonesia.com/news/20240408183743-7-529410/potret-palestina-sambut-idulfitri-dalam-bayang-bayang-perang-gaza,Potret Palestina Sambut Idulfitri dalam Bayang-Bayang Perang Gaza
https://www.cnbcindonesia.com/news/20240408101115-4-529301/warga-israel-panic-buying-takut-diamuk-iran,"Warga Israel Panic Buying, Takut Diamuk Iran"
https://www.cnbcindonesia.com/news/20240407191349-7-529238/detik-detik-israel-tembak-gas-air-mata-di-al-aqsa-jamaah-berhamburan,"Detik-Detik Israel Tembak Gas Air Mata di Al Aqsa, Jamaah Berhamburan"
https://www.cnbcindonesia.com/news/20240407122249-8-529168/video-jelang-lebaran-israel-masih-serang-gaza,"Video: Jelang Lebaran, Israel Masih Serang Gaza"
https://www.cnbcindonesia.com/news/20240407085257-4-529129/pbb-buka-suara-soal-perang-gaza-tonggak-sejarah-yang-mengerikan,PBB Buka Suara Soal Perang Gaza: Tonggak Sejarah yang Mengerikan
https://www.cnbcindonesia.com/news/20240406090854-4-528953/ketua-pbb-ngamuk-besar-ke-israel-sorot-penggunaan-ai-oleh-militer,"Ketua PBB Ngamuk Besar ke Israel, Sorot Penggunaan AI Oleh Militer"
https://www.cnbcindonesia.com/news/20240405112700-7-528652/warga-polandia-beri-penghormatan-ke-relawan-yang-gugur-dibunuh-israel,Warga Polandia Beri Penghormatan ke Relawan yang Gugur Dibunuh Israel
https://www.cnbcindonesia.com/news/20240405145106-4-528783/ultimatum-biden-bikin-netanyahu-ciut-israel-akhirnya-lakukan-ini,"Ultimatum Biden Bikin Netanyahu 'Ciut', Israel Akhirnya Lakukan Ini"
https://www.cnbcindonesia.com/news/20240405100233-7-528595/israel-bunuh-relawan-internasional-kapal-bantuan-ini-balik-kanan,"Israel Bunuh Relawan Internasional, Kapal Bantuan Ini 'Balik Kanan'"
https://www.cnbcindonesia.com/news/20240405075905-8-528545/video-6-bulan-agresi-israel-korban-tewas-tembus-33-ribu-jiwa,"Video: 6 Bulan Agresi Israel, Korban Tewas Tembus 33 Ribu Jiwa"
https://www.cnbcindonesia.com/news/20240405104705-4-528625/biden-ultimatum-netanyahu-israel-kini-hadapi-ancaman-nyata-dari-as,"Biden Ultimatum Netanyahu, Israel Kini Hadapi Ancaman Nyata dari AS"
https://www.cnbcindonesia.com/tech/20240405094658-37-528587/apple-pecat-karyawan-palestina-bos-besar-didemo,"Apple Pecat Karyawan Palestina, Bos Besar Didemo"
https://www.cnbcindonesia.com/news/20240404135701-4-528328/bos-hamas-tuntut-gencatan-senjata-permanen-begini-respons-israel,"Bos Hamas Tuntut Gencatan Senjata Permanen, Begini Respons Israel"
https://www.cnbcindonesia.com/news/20240404065940-4-528112/borok-israel-tersingkap-bunuh-pekerja-kemanusiaan-secara-sistematis,"Borok Israel Tersingkap, Bunuh Pekerja Kemanusiaan secara Sistematis"
https://www.cnbcindonesia.com/news/20240403152755-4-527975/palestina-anak-bawang-di-pbb-apakah-bisa-jadi-anggota-penuh,"Palestina 'Anak Bawang' di PBB, Apakah Bisa Jadi Anggota Penuh?"
https://www.cnbcindonesia.com/news/20240403082925-8-527727/video-netanyahu-akui-israel-tak-sengaja-bombardir-koki-inggris,Video: Netanyahu Akui Israel Tak Sengaja Bombardir Koki Inggris
https://www.cnbcindonesia.com/news/20240403082750-8-527725/video-inggris-panggil-dubes-israel-usai-3-koki-inggris-tewas-di-gaza,Video: Inggris Panggil Dubes Israel Usai 3 Koki Inggris Tewas Di Gaza
https://www.cnbcindonesia.com/news/20240402125817-7-527471/potret-serangan-israel-tewaskan-pekerja-bantuan-internasional-di-gaza,Potret Serangan Israel Tewaskan Pekerja Bantuan Internasional di Gaza
https://www.cnbcindonesia.com/news/20240402111701-7-527421/miris-potret-terbaru-rs-al-shifa-hancur-lebur-dbombardir-israel,Miris! Potret Terbaru RS Al Shifa Hancur Lebur Dbombardir Israel
https://www.cnbcindonesia.com/news/20240402151518-4-527560/israel-tangkap-adik-pemimpin-hamas-ismail-haniyeh-ini-kronologinya,"Israel Tangkap Adik Pemimpin Hamas Ismail Haniyeh, Ini Kronologinya"
https://www.cnbcindonesia.com/news/20240402142131-4-527534/brutal-serangan-israel-bunuh-7-pekerja-bantuan-internasional-di-gaza,Brutal! Serangan Israel Bunuh 7 Pekerja Bantuan Internasional di Gaza
https://www.cnbcindonesia.com/news/20240402100737-4-527386/as-pertimbangkan-transfer-senjata-rp-286-t-ke-israel-biden-galau,"AS Pertimbangkan Transfer Senjata Rp 286 T ke Israel, Biden Galau"
https://www.cnbcindonesia.com/news/20240402081009-8-527338/video-akhirnya-israel-tarik-pasukan-dari-rs-al-shifa-ada-apa,"Video: Akhirnya Israel Tarik Pasukan Dari RS Al Shifa, Ada Apa?"
https://www.cnbcindonesia.com/tech/20240402063943-37-527315/israel-pakai-teknologi-google-tangkap-warga-gaza-lalu-disiksa,"Israel Pakai Teknologi Google Tangkap Warga Gaza, Lalu Disiksa"
https://www.cnbcindonesia.com/news/20240402053919-4-527296/israel-menggila-bombardir-kedutaan-iran-di-suriah-3-komandan-tewas,"Israel Menggila! Bombardir Kedutaan Iran di Suriah, 3 Komandan Tewas"
https://www.cnbcindonesia.com/news/20240401191958-8-527241/video-israel-berikan-syarat-buka-akses-bantuan-ke-gaza,Video : Israel Berikan Syarat Buka Akses Bantuan ke Gaza
https://www.cnbcindonesia.com/news/20240401082237-8-526927/video-pekan-paskah-paus-fransiskus-serukan-gencatan-senjata-di-gaza,"Video: Pekan Paskah, Paus Fransiskus Serukan Gencatan Senjata Di Gaza"
https://www.cnbcindonesia.com/news/20240401075602-4-526921/netanyahu-operasi-hernia-warga-israel-demo-besar-suruh-lengser,"Netanyahu Operasi Hernia, Warga Israel Demo Besar Suruh Lengser"
https://www.cnbcindonesia.com/news/20240331215238-4-526888/pm-israel-benjamin-netanyahu-tiba-tiba-masuk-rs-kena-hernia,"PM Israel Benjamin Netanyahu Tiba-Tiba Masuk RS, Kena Hernia"
https://www.cnbcindonesia.com/news/20240330200310-7-526749/keluarga-sandera-hamas-demo-di-tel-aviv-pajang-foto-keluarga,"Keluarga Sandera Hamas Demo di Tel Aviv, Pajang Foto Keluarga"
https://www.cnbcindonesia.com/news/20240330102739-8-526673/video-ramadan-di-gaza-salat-di-tengah-ancaman-bom-israel-kelaparan,"Video: Ramadan Di Gaza, Salat Di Tengah Ancaman Bom Israel & Kelaparan"
https://www.cnbcindonesia.com/news/20240330130732-4-526694/sekutu-setia-israel-tiba-tiba-ubah-sikap-soal-korban-di-gaza-kenapa,"Sekutu Setia Israel Tiba-Tiba Ubah Sikap Soal Korban di Gaza, Kenapa?"
https://www.cnbcindonesia.com/news/20240330100142-8-526670/video-pbb-perintahkan-israel-izinkan-lebih-banyak-bantuan-masuk-gaza,Video: PBB Perintahkan Israel Izinkan Lebih Banyak Bantuan Masuk Gaza
https://www.cnbcindonesia.com/lifestyle/20240330120130-33-526682/universitas-harvard-makin-sepi-peminat-alasanya-tak-terduga,"Universitas Harvard Makin Sepi Peminat, Alasanya Tak Terduga"
https://www.cnbcindonesia.com/news/20240330062149-4-526654/israel-kepung-jalur-bantuan-paceklik-sudah-terjadi-di-jalur-gaza,"Israel Kepung Jalur Bantuan, Paceklik Sudah Terjadi di Jalur Gaza"
https://www.cnbcindonesia.com/news/20240329171304-8-526617/video-israel-batasi-warga-palestina-yang-ingin-masuk-al-aqsa,VIDEO: Israel Batasi Warga Palestina yang Ingin Masuk Al-Aqsa
https://www.cnbcindonesia.com/news/20240329170333-8-526613/video-israel-terus-hantam-gaza,VIDEO : Israel Terus Hantam Gaza
https://www.cnbcindonesia.com/news/20240329144630-4-526574/israel-menggila-gaza-dibombardir-hingga-tewaskan-38-warga-di-suriah,Israel Menggila! Gaza Dibombardir Hingga Tewaskan 38 Warga di Suriah
https://www.cnbcindonesia.com/news/20240329091447-4-526546/israel-curi-800-hektare-tanah-di-tepi-barat-arab-murka,"Israel Curi 800 Hektare Tanah di Tepi Barat, Arab Murka!"
https://www.cnbcindonesia.com/news/20240329011114-4-526528/tegas-mahkamah-internasional-sepakat-pasokan-makanan-boleh-masuk-gaza,Tegas! Mahkamah Internasional Sepakat Pasokan Makanan Boleh Masuk Gaza
https://www.cnbcindonesia.com/news/20240328185851-7-526490/potret-pedihnya-balita-palestina-berjuang-melawan-malnutrisi-di-gaza,Potret Pedihnya Balita Palestina Berjuang Melawan Malnutrisi di Gaza
https://www.cnbcindonesia.com/news/20240328123005-4-526279/resolusi-pbb-banci-israel-masih-bombardir-gaza-tembaki-hamas-di-rs,"Resolusi PBB Banci, Israel Masih Bombardir Gaza-Tembaki Hamas di RS"
https://www.cnbcindonesia.com/news/20240328105856-4-526235/ngeri-anggota-tim-ahli-pbb-akui-diancam-usai-bongkar-genosida-israel,Ngeri! Anggota Tim Ahli PBB Akui Diancam Usai Bongkar Genosida Israel
https://www.cnbcindonesia.com/news/20240328072917-7-526152/potret-warga-gaza-bertaruh-nyawa-melawan-arus-ombak-demi-ambil-bantuan,Potret Warga Gaza Bertaruh Nyawa Melawan Arus Ombak Demi Ambil Bantuan
https://www.cnbcindonesia.com/news/20240328084237-8-526170/belasan-warga-palestina-tenggelam-saat-antre-bantuan,Belasan Warga Palestina Tenggelam Saat Antre Bantuan
https://www.cnbcindonesia.com/news/20240327185206-7-526105/israel-membangkang-terus-tembak-warga-gaza-meski-ada-resolusi-dk-pbb,Israel Membangkang! Terus Tembak Warga Gaza Meski Ada Resolusi DK PBB
https://www.cnbcindonesia.com/news/20240327153110-4-526027/bukan-iran-negara-arab-ini-disebut-siap-perang-lawan-israel,"Bukan Iran, Negara Arab Ini Disebut Siap Perang Lawan Israel"
https://www.cnbcindonesia.com/news/20240327150738-4-526023/warga-gaza-respons-resolusi-pbb-israel-setop-genosida,"Warga Gaza Respons Resolusi PBB, Israel Setop Genosida?"
https://www.cnbcindonesia.com/news/20240327094958-4-525826/bos-hamas-muncul-perdana-setelah-resolusi-pbb-diketok-bilang-begini,"Bos Hamas Muncul Perdana Setelah Resolusi PBB Diketok, Bilang Begini"
https://www.cnbcindonesia.com/news/20240327074844-8-525772/video-israel-gempur-rafah-meski-resolusi-gencatan-senjata-diketok,Video: Israel Gempur Rafah Meski Resolusi Gencatan Senjata Diketok
https://www.cnbcindonesia.com/news/20240327074327-4-525769/masa-depan-gaza-usai-resolusi-gencatan-senjata-israel-lumpuh,"Masa Depan Gaza Usai Resolusi Gencatan Senjata, Israel 'Lumpuh'?"
https://www.cnbcindonesia.com/news/20240327055129-4-525739/strategi-as-di-gaza-berantakan-biden-mau-cuci-tangan,"Strategi AS di Gaza Berantakan, Biden Mau 'Cuci Tangan'?"
https://www.cnbcindonesia.com/news/20240326112930-7-525474/potret-demo-bela-palestina-di-yordania-berujung-bentrok-dengan-polisi,Potret Demo Bela Palestina di Yordania Berujung Bentrok dengan Polisi
https://www.cnbcindonesia.com/news/20240326121933-4-525514/hamas-respons-pbb-loloskan-resolusi-gencatan-senjata-gaza-janji-ini,"Hamas Respons PBB Loloskan Resolusi Gencatan Senjata Gaza, Janji Ini"
https://www.cnbcindonesia.com/news/20240326093229-8-525413/video-tok-resolusi-gencatan-senjata-di-gaza-disepakati,Video: Tok! Resolusi Gencatan Senjata Di Gaza Disepakati
https://www.cnbcindonesia.com/news/20240326091415-4-525394/resolusi-gencatan-senjata-gaza-gol-di-pbb-ini-sanksi-bila-melanggar,"Resolusi Gencatan Senjata Gaza Gol di PBB, Ini Sanksi Bila Melanggar"
https://www.cnbcindonesia.com/news/20240326080756-8-525370/video-israel-tegaskan-tak-akan-hentikan-perang-dengan-hamas,Video: Israel Tegaskan Tak Akan Hentikan Perang Dengan Hamas
https://www.cnbcindonesia.com/news/20240326073717-7-525354/detik-detik-dewan-keamanan-pbb-loloskan-resolusi-gencatan-senjata-gaza,Detik-Detik Dewan Keamanan PBB Loloskan Resolusi Gencatan Senjata Gaza
https://www.cnbcindonesia.com/news/20240326080615-8-525368/video-detik-detik-pbb-ketok-resolusi-genjatan-senjata-di-gaza,Video: Detik-detik PBB Ketok Resolusi Genjatan Senjata di Gaza
https://www.cnbcindonesia.com/news/20240326074925-4-525359/dk-pbb-loloskan-resolusi-gencatan-senjata-gaza-ini-reaksi-dunia,"DK PBB Loloskan Resolusi Gencatan Senjata Gaza, Ini Reaksi Dunia"
https://www.cnbcindonesia.com/news/20240326064906-4-525344/as-khianati-israel-di-pbb-hubungan-biden-netanyahu-terancam-kandas,"AS Khianati Israel di PBB, Hubungan Biden-Netanyahu Terancam Kandas"
https://www.cnbcindonesia.com/news/20240325204148-7-525323/potret-bantuan-kemanusiaan-lewat-udara-krisis-kelaparan-gaza-menggila,"Potret Bantuan Kemanusiaan Lewat Udara, Krisis Kelaparan Gaza Menggila"
https://www.cnbcindonesia.com/news/20240325142346-4-525198/turki-israel-panas-erdogan-serang-netanyahu-ancam-kirim-ke-allah,"Turki & Israel Panas, Erdogan Serang Netanyahu-Ancam Kirim ke Allah"
https://www.cnbcindonesia.com/news/20240325130923-4-525154/krisis-laut-merah-makan-korban-baru-kapal-tanker-china-dirudal-houthi,"Krisis Laut Merah Makan Korban Baru, Kapal Tanker China Dirudal Houthi"
https://www.cnbcindonesia.com/news/20240325084507-8-525026/video-israel-serang-warga-gaza-kala-antre-bantuan-19-orang-tewas,"Video: Israel Serang Warga Gaza Kala Antre Bantuan, 19 Orang Tewas"
https://www.cnbcindonesia.com/news/20240324150254-8-524917/video-korban-tewas-di-gaza-capai-lebih-dari-32-ribu-jiwa,Video: Korban Tewas di Gaza Capai Lebih Dari 32 Ribu Jiwa
https://www.cnbcindonesia.com/news/20240324003440-4-524839/rusia-china-bersatu-tolak-resolusi-gencatan-senjata-di-gaza-buatan-as,"Rusia-China Bersatu, Tolak Resolusi Gencatan Senjata di Gaza Buatan AS"
https://www.cnbcindonesia.com/news/20240323210047-7-524819/potret-warga-palestina-berlarian-panjat-pagar-berebut-bantuan-udara,Potret Warga Palestina Berlarian-Panjat Pagar Berebut Bantuan Udara
https://www.cnbcindonesia.com/news/20240322115802-8-524427/video-menlu-as-bertemu-diplomat-negara-arab-bahas-situasi-palestina,Video: Menlu AS Bertemu Diplomat Negara Arab Bahas Situasi Palestina
https://www.cnbcindonesia.com/news/20240321074238-7-523914/ratusan-warga-spanyol-berbaring-di-tanah-protes-serangan-israel,"Ratusan Warga Spanyol Berbaring di Tanah, Protes Serangan Israel"
https://www.cnbcindonesia.com/news/20240322085320-8-524334/video-duh-israel-bersiap-siap-invasi-rafah,Video: Duh! Israel Bersiap-siap Invasi Rafah
https://www.cnbcindonesia.com/news/20240322084928-8-524330/video-pertama-kali-as-rancang-resolusi-pbb-soal-gaza,"Video: Pertama Kali, AS Rancang Resolusi PBB Soal Gaza"
https://www.cnbcindonesia.com/news/20240321193059-4-524243/as-rancang-resolusi-pbb-soal-gaza-akhiri-perang-israel-hamas,"AS Rancang Resolusi PBB soal Gaza, Akhiri Perang Israel-Hamas?"
https://www.cnbcindonesia.com/news/20240320195329-4-523815/sekutu-dekat-as-putuskan-setop-kirim-senjata-ke-israel,Sekutu Dekat AS Putuskan Setop Kirim Senjata ke Israel
https://www.cnbcindonesia.com/news/20240320081203-8-523495/video-pbb-tuding-israel-gunakan-kelaparan-sebagai-senjata,Video: PBB Tuding Israel Gunakan Kelaparan Sebagai Senjata
https://www.cnbcindonesia.com/news/20240319115333-4-523219/biden-tiba-tiba-warning-netanyahu-sebut-kesalahan-israel,"Biden Tiba-Tiba Warning Netanyahu, Sebut Kesalahan Israel"
https://www.cnbcindonesia.com/news/20240319151449-4-523325/7-negara-jadi-pemasok-senjata-ke-israel-ada-tetangga-ri,"7 Negara Jadi Pemasok Senjata ke Israel, Ada Tetangga RI"
https://www.cnbcindonesia.com/news/20240318201436-7-523041/kelaparan-potret-warga-gaza-geruduk-gudang-pbb-ambil-bantuan,"Kelaparan, Potret Warga Gaza Geruduk Gudang PBB Ambil Bantuan"
https://www.cnbcindonesia.com/news/20240318172831-8-523010/video-ketakutan-jokowi-jelang-turun-takhta-hingga-mio-mirza-viral,Video: Ketakutan Jokowi Jelang Turun Takhta Hingga Mio Mirza Viral
https://www.cnbcindonesia.com/news/20240316101331-8-522466/video-duka-warga-gaza-ramadan-di-tengah-kelaparan-perang,"Video: Duka Warga Gaza, Ramadan Di Tengah Kelaparan & Perang"
https://www.cnbcindonesia.com/news/20240316110627-8-522474/israel-serang-kamp-nuseirat-7-orang-tewas-termasuk-wanita-anak-anak,"Israel Serang Kamp Nuseirat, 7 Orang Tewas Termasuk Wanita & Anak-anak"
https://www.cnbcindonesia.com/news/20240316104326-8-522470/video-1000-masjid-hancur-warga-gaza-salat-dekat-reruntuhan,"Video: 1.000 Masjid Hancur, Warga Gaza Salat Dekat Reruntuhan"
https://www.cnbcindonesia.com/news/20240316023110-4-522450/israel-dikecam-dunia-netanyahu-tak-goyah-hancurkan-gaza,"Israel Dikecam Dunia, Netanyahu Tak Goyah Hancurkan Gaza"
https://www.cnbcindonesia.com/news/20240315100302-7-522222/wanita-israel-anti-perang-blokade-jalan-tuntut-setop-serang-gaza,"Wanita Israel Anti Perang Blokade Jalan, Tuntut Setop Serang Gaza"
https://www.cnbcindonesia.com/news/20240315202230-4-522432/hamas-ajukan-gencatan-senjata-tawarkan-pertukaran-sandera,"Hamas Ajukan Gencatan Senjata, Tawarkan Pertukaran Sandera!"
https://www.cnbcindonesia.com/news/20240315085834-4-522162/kejam-israel-tembak-warga-gaza-antre-bantuan-11-tewas-100-luka,"Kejam! Israel Tembak Warga Gaza Antre Bantuan, 11 Tewas-100 Luka"
https://www.cnbcindonesia.com/news/20240314162455-7-522026/potret-pilu-buka-puasa-di-gaza-warga-berebut-minta-makan,"Potret Pilu Buka Puasa di Gaza, Warga Berebut Minta Makan"
https://www.cnbcindonesia.com/news/20240314195333-4-522103/partai-demokrat-pecah-biden-disebut-salah-sudah-rangkul-netanyahu,"Partai Demokrat 'Pecah', Biden Disebut Salah Sudah Rangkul Netanyahu"
https://www.cnbcindonesia.com/news/20240314120841-4-521912/as-inggris-serbu-bandara-yaman-balas-aksi-houthi-di-laut-merah,"AS-Inggris Serbu Bandara Yaman, Balas Aksi Houthi di Laut Merah"
https://www.cnbcindonesia.com/news/20240314090207-8-521820/video-tragis-bantuan-udara-jatuh-tewaskan-5-warga-palestina,Video: Tragis! Bantuan Udara Jatuh Tewaskan 5 Warga Palestina
https://www.cnbcindonesia.com/news/20240313173638-8-521705/video-tak-peduli-ramadan-israel-akan-terus-gempur-gaza,Video: Tak Peduli Ramadan! Israel Akan Terus Gempur Gaza
https://www.cnbcindonesia.com/news/20240313173637-8-521704/video-israel-batasi-warga-yang-ingin-sholat-di-masjid-al-aqsa,Video: Israel Batasi Warga Yang Ingin Sholat di Masjid Al Aqsa
https://www.cnbcindonesia.com/news/20240313173636-8-521703/karikatur-koran-prancis-olok-olok-kelaparan-warga-gaza-saat-ramadan,Karikatur Koran Prancis Olok-Olok Kelaparan Warga Gaza Saat Ramadan
https://www.cnbcindonesia.com/news/20240313182942-4-521726/eks-jenderal-israel-muak-dengan-ramadan-sebut-hari-libur-mematikan,"Eks Jenderal Israel Muak dengan Ramadan, Sebut Hari Libur Mematikan"
https://www.cnbcindonesia.com/news/20240313141547-4-521601/media-prancis-rilis-kartun-soal-ramadan-di-gaza-tuai-kecaman-kenapa,"Media Prancis Rilis Kartun soal Ramadan di Gaza Tuai Kecaman, Kenapa?"
https://www.cnbcindonesia.com/news/20240313072035-7-521445/terjun-payung-kapal-potret-bantuan-as-cs-diberikan-ke-gaza,"Terjun Payung-Kapal, Potret Bantuan AS Cs Diberikan ke Gaza"
https://www.cnbcindonesia.com/news/20240313131701-4-521573/laut-merah-makin-parah-houthi-tingkatkan-serangan-selama-ramadan,"Laut Merah Makin Parah, Houthi Tingkatkan Serangan Selama Ramadan"
https://www.cnbcindonesia.com/news/20240313075536-4-521444/bos-nato-as-ngamuk-ke-houthi-yaman-dibombardir-11-tewas,"Bos Nato AS Ngamuk ke Houthi, Yaman Dibombardir-11 Tewas"
https://www.cnbcindonesia.com/news/20240312171651-7-521375/kapal-bantuan-gaza-dari-spanyol-open-arms-tiba-di-pelabuhan-larnaca,Kapal Bantuan Gaza dari Spanyol Open Arms Tiba di Pelabuhan Larnaca
https://www.cnbcindonesia.com/news/20240311164857-7-521246/potret-warga-gaza-salat-tarawih-di-reruntuhan-masjid-al-farouq-rafah,"Potret Warga Gaza Salat Tarawih di Reruntuhan Masjid Al-Farouq, Rafah"
https://www.cnbcindonesia.com/news/20240311125730-7-521200/israel-batasi-warga-palestina-salat-tarawih-di-masjid-al-aqsa,Israel Batasi Warga Palestina Salat Tarawih di Masjid Al-Aqsa
https://www.cnbcindonesia.com/lifestyle/20240311141802-33-521219/daftar-25-kurma-israel-yang-diboikot-saat-ramadan-2024,Daftar 25 Kurma Israel yang Diboikot Saat Ramadan 2024
https://www.cnbcindonesia.com/news/20240311121155-7-521188/potret-ramadhan-mencekam-di-gaza-warga-kelaparan-dan-ketakutan,"Potret Ramadhan Mencekam di Gaza, Warga Kelaparan dan Ketakutan"
https://www.cnbcindonesia.com/news/20240310134810-4-521073/biden-netanyahu-merugikan-israel-perlu-datang-kepada-yesus,Biden: Netanyahu Merugikan Israel-Perlu 'Datang kepada Yesus'
https://www.cnbcindonesia.com/news/20240310120641-7-521056/israel-chaos-warga-serang-netanyahu-tuntut-gencatan-senjata,"Israel Chaos! Warga 'Serang' Netanyahu, Tuntut Gencatan Senjata"
https://www.cnbcindonesia.com/news/20240310124429-8-521067/menyedihkan-jelang-ramadhan-warga-gaza-kekurangan-pasokan-makanan,Menyedihkan! Jelang Ramadhan Warga Gaza Kekurangan Pasokan Makanan
https://www.cnbcindonesia.com/news/20240310122436-4-521063/erdogan-dunia-islam-telah-mengecewakan-palestina,Erdogan: Dunia Islam Telah Mengecewakan Palestina
https://www.cnbcindonesia.com/news/20240310101508-4-521040/israel-menggila-di-perang-gaza-yerusalem-mencekam-jelang-ramadan,"Israel Menggila di Perang Gaza, Yerusalem Mencekam Jelang Ramadan"
https://www.cnbcindonesia.com/news/20240310081943-4-521034/biden-serang-netanyahu-as-nyatakan-dukung-negara-palestina,"Biden Serang Netanyahu, AS Nyatakan Dukung Negara Palestina"
https://www.cnbcindonesia.com/news/20240309081844-8-520937/video-sedih-warga-gaza-berebut-bantuan-yang-dijatuhkan-dari-pesawat,Video: Sedih! Warga Gaza Berebut Bantuan Yang Dijatuhkan Dari Pesawat
https://www.cnbcindonesia.com/news/20240308141306-4-520757/ini-harga-mahal-yang-dibayar-israel-dalam-perang-gaza,Ini Harga Mahal yang 'Dibayar' Israel dalam Perang Gaza
https://www.cnbcindonesia.com/news/20240308135846-4-520749/aksi-houthi-di-laut-merah-makan-korban-jiwa-india-evakuasi-pelaut,"Aksi Houthi di Laut Merah Makan Korban Jiwa, India Evakuasi Pelaut"
https://www.cnbcindonesia.com/news/20240308134229-4-520745/dear-warga-gaza-ri-bakal-kirim-bantuan-melalui-jalur-udara,"Dear Warga Gaza, RI Bakal Kirim Bantuan Melalui Jalur Udara"
https://www.cnbcindonesia.com/news/20240308121301-4-520706/biden-warning-israel-dukung-pembentukan-negara-palestina,"Biden Warning Israel, Dukung Pembentukan Negara Palestina"
https://www.cnbcindonesia.com/news/20240308125157-4-520720/anwar-ibrahim-tiba-tiba-ngamuk-caci-barat-kenapa,"Anwar Ibrahim Tiba-Tiba Ngamuk & Caci Barat, Kenapa?"
https://www.cnbcindonesia.com/news/20240308084206-8-520613/china-sebut-agresi-israel-di-gaza-sebagai-aib-bagi-peradaban,"China Sebut Agresi Israel Di Gaza Sebagai ""Aib Bagi Peradaban"""
https://www.cnbcindonesia.com/news/20240308064758-4-520582/presiden-palestina-beri-selamat-kepada-prabowo-ungkap-harapan-ini,"Presiden Palestina Beri Selamat kepada Prabowo, Ungkap Harapan Ini"
https://www.cnbcindonesia.com/news/20240308051407-4-520573/as-akan-bangun-pelabuhan-sementara-di-gaza-ini-tujuannya,"AS Akan Bangun Pelabuhan Sementara di Gaza, Ini Tujuannya"
https://www.cnbcindonesia.com/news/20240307202759-4-520564/jelang-ramadan-turki-kirim-makanan-obat-obatan-ke-gaza,"Jelang Ramadan, Turki Kirim Makanan & Obat-obatan ke Gaza"
https://www.cnbcindonesia.com/news/20240307053540-4-520277/houthi-menggila-tembak-kapal-yunani-di-teluk-aden-2-pelaut-tewas,"Houthi Menggila Tembak Kapal Yunani di Teluk Aden, 2 Pelaut Tewas"
https://www.cnbcindonesia.com/news/20240307050629-4-520275/7-update-perang-gaza-as-semprot-israel-jokowi-buka-suara,7 Update Perang Gaza: AS 'Semprot' Israel-Jokowi Buka Suara
https://www.cnbcindonesia.com/news/20240306172147-8-520208/video-erdogan-tegaskan-komitmen-dukung-kemerdekaan-palestina,Video: Erdogan Tegaskan Komitmen Dukung Kemerdekaan Palestina
https://www.cnbcindonesia.com/news/20240306172149-8-520213/video-thr-pns-full-100-hingga-emiten-lo-kheng-hong-bagikan-dividen,Video: THR PNS Full 100% Hingga Emiten Lo Kheng Hong Bagikan Dividen
https://www.cnbcindonesia.com/news/20240306155610-7-520164/potret-pilu-anak-palestina-kelaparan-antre-mengular-berebutan-makan,"Potret Pilu Anak Palestina Kelaparan, Antre Mengular-Berebutan Makan"
https://www.cnbcindonesia.com/news/20240306152837-4-520158/starbucks-phk-lebih-dari-2000-orang-di-timur-tengah-begini-ceritanya,"Starbucks PHK Lebih dari 2.000 Orang di Timur Tengah, Begini Ceritanya"
https://www.cnbcindonesia.com/news/20240306175748-4-520221/ulama-palestina-buka-bukaan-soal-perang-gaza-kondisi-terkini,Ulama Palestina Buka-bukaan soal Perang Gaza-Kondisi Terkini
https://www.cnbcindonesia.com/news/20240306154600-4-520162/di-ktt-asean-australia-jokowi-hentikan-genosida-di-gaza-palestina,"Di KTT ASEAN-Australia, Jokowi: Hentikan Genosida di Gaza Palestina!"
https://www.cnbcindonesia.com/news/20240306144517-4-520143/gaza-kritis-jelang-ramadan-asean-australia-serukan-gencatan-senjata,"Gaza Kritis Jelang Ramadan, ASEAN-Australia Serukan Gencatan Senjata"
https://www.cnbcindonesia.com/news/20240306123509-4-520075/gencatan-senjata-gagal-jelang-ramadan-israel-hamas-lanjut-perang,"Gencatan Senjata Gagal Jelang Ramadan, Israel-Hamas Lanjut Perang"
https://www.cnbcindonesia.com/news/20240306081456-4-519973/pbb-temukan-bukti-penyiksaan-dan-pelecehan-tahanan-palestina-di-israel,PBB Temukan Bukti Penyiksaan dan Pelecehan Tahanan Palestina di Israel
https://www.cnbcindonesia.com/news/20240306054503-4-519953/awas-kiamat-baru-muncul-dari-dalam-laut-merah-ulah-houthi,"Awas 'Kiamat' Baru Muncul dari Dalam Laut Merah, Ulah Houthi?"
https://www.cnbcindonesia.com/news/20240306052806-4-519951/israel-masih-menggila-jelang-ramadan-erdogan-buka-suara,"Israel Masih Menggila Jelang Ramadan, Erdogan Buka Suara"
https://www.cnbcindonesia.com/news/20240305173432-8-519877/video-serangan-terbesar-israel-di-ramallah-tewaskan-anak-anak,Video: Serangan Terbesar Israel di Ramallah Tewaskan Anak-anak
https://www.cnbcindonesia.com/news/20240305120412-4-519748/kabinet-perang-israel-pecah-saingan-netanyahu-minta-bantuan-as,"Kabinet Perang Israel Pecah, Saingan Netanyahu Minta Bantuan AS"
https://www.cnbcindonesia.com/news/20240305080824-4-519654/israel-luncurkan-serangan-terbesar-di-ramallah-tewaskan-anak-anak,"Israel Luncurkan Serangan Terbesar di Ramallah, Tewaskan Anak-Anak"
https://www.cnbcindonesia.com/news/20240304171248-4-519557/as-berbalik-arah-kamala-harris-serang-israel-soal-gaza,"AS Berbalik Arah, Kamala Harris ""Serang"" Israel soal Gaza"
https://www.cnbcindonesia.com/news/20240304151612-7-519487/potret-as-kirim-bantuan-ke-gaza-dari-udara-warga-berlarian,"Potret AS Kirim Bantuan ke Gaza dari Udara, Warga Berlarian"
https://www.cnbcindonesia.com/news/20240304130300-8-519433/video-israel-mau-hapus-ramadan-di-tepi-barat-yerusalem,Video: Israel Mau Hapus Ramadan di Tepi Barat & Yerusalem
https://www.cnbcindonesia.com/news/20240304144047-4-519477/bantuan-makanan-as-untuk-gaza-dikritik-hanya-formalitas-ini-alasannya,"Bantuan Makanan AS untuk Gaza Dikritik Hanya Formalitas, Ini Alasannya"
https://www.cnbcindonesia.com/news/20240229165811-4-518679/houthi-menggila-di-laut-merah-as-sebut-bakal-ada-malapetaka-baru,"Houthi Menggila di Laut Merah, AS Sebut Bakal Ada Malapetaka Baru"
https://www.cnbcindonesia.com/news/20240304072656-7-519304/potret-bantuan-kemanusiaan-dari-udara-hingga-darat-tiba-di-gaza,Potret Bantuan Kemanusiaan dari Udara hingga Darat Tiba di Gaza
https://www.cnbcindonesia.com/news/20240304001707-4-519279/israel-boikot-perundingan-dengan-hamas-di-mesir-ini-alasannya,"Israel Boikot Perundingan dengan Hamas di Mesir, Ini Alasannya"
https://www.cnbcindonesia.com/news/20240302203214-7-519164/potret-pasukan-yordania-jatuhkan-paket-bantuan-ke-gaza-pakai-parasut,Potret Pasukan Yordania Jatuhkan Paket Bantuan ke Gaza Pakai Parasut
https://www.cnbcindonesia.com/news/20240302122812-4-519100/aksi-israel-bikin-murka-pimpinan-dunia-kompak-minta-hal-ini,"Aksi Israel Bikin Murka, Pimpinan Dunia Kompak Minta Hal Ini"
https://www.cnbcindonesia.com/news/20240302140859-8-519123/video-biden-ungkap-israel-vs-hamas-gencatan-senjata-saat-ramadan,Video: Biden Ungkap Israel Vs Hamas  Gencatan Senjata Saat Ramadan
https://www.cnbcindonesia.com/news/20240301071729-7-518783/detik-detik-israel-tembaki-ratusan-warga-gaza-saat-antre-truk-makanan,Detik-Detik Israel Tembaki Ratusan Warga Gaza saat Antre Truk Makanan
https://www.cnbcindonesia.com/news/20240301085205-4-518818/dunia-ngamuk-israel-tembak-warga-gaza-antre-truk-makanan-112-tewas,Dunia Ngamuk! Israel Tembak Warga Gaza Antre Truk Makanan-112 Tewas
https://www.cnbcindonesia.com/news/20240301081120-8-518799/video-korban-tewas-agresi-israel-di-gaza-tembus-30-ribu,Video: Korban Tewas Agresi Israel di Gaza Tembus 30 Ribu
https://www.cnbcindonesia.com/news/20240301062423-4-518766/7-update-baru-gaza-korban-tewas-gencatan-senjata-saudi-vs-israel,"7 Update Baru Gaza: Korban Tewas, Gencatan Senjata & Saudi vs Israel"
https://www.cnbcindonesia.com/news/20240229203019-4-518750/singapura-takkan-putus-hubungan-dengan-israel-ternyata-ini-alasannya,"Singapura Takkan Putus Hubungan dengan Israel, Ternyata Ini  Alasannya"
https://www.cnbcindonesia.com/news/20240229191315-4-518726/situasi-baru-pembicaraan-gencatan-senjata-israel-hamas-seperti-apa,Situasi Baru Pembicaraan Gencatan Senjata Israel-Hamas Seperti Apa?
https://www.cnbcindonesia.com/news/20240229193723-8-518733/video-israel-bikin-biden-emosi-as-dukung-palestina,"Video: Israel Bikin Biden Emosi, AS Dukung Palestina"
https://www.cnbcindonesia.com/news/20240229154344-4-518651/israel-tiba-tiba-ancam-arab-saudi-ada-apa,"Israel Tiba-Tiba 'Ancam' Arab Saudi, Ada Apa?"
https://www.cnbcindonesia.com/news/20240229080401-7-518491/potret-anak-palestina-antre-makanan-krisis-kelaparan-melanda-gaza,"Potret Anak Palestina Antre Makanan, Krisis Kelaparan Melanda Gaza"
https://www.cnbcindonesia.com/news/20240229124841-4-518588/breaking-news-total-warga-gaza-tewas-tembus-30000,Breaking News: Total Warga Gaza Tewas Tembus 30.000
https://www.cnbcindonesia.com/news/20240229093809-4-518517/dokter-beri-warning-malapetaka-baru-di-gaza,Dokter Beri Warning 'Malapetaka' Baru di Gaza
https://www.cnbcindonesia.com/news/20240229074433-4-518487/israel-bikin-biden-emosi-as-dukung-palestina,"Israel Bikin Biden Emosi, AS Dukung Palestina"
https://www.cnbcindonesia.com/news/20240229050757-4-518455/hamas-serukan-warga-palestina-berbaris-ke-al-aqsa-minta-bantuan-arab,"Hamas Serukan Warga Palestina Berbaris ke Al-Aqsa, Minta Bantuan Arab"
https://www.cnbcindonesia.com/news/20240228115743-4-518262/mengenal-aaron-bushnell-pilot-militer-as-bakar-diri-demi-palestina,"Mengenal Aaron Bushnell, Pilot Militer AS Bakar Diri Demi Palestina"
https://www.cnbcindonesia.com/news/20240228071327-7-518145/potret-raja-yordania-abdullah-ii-turun-gunung-kirim-bantuan-ke-gaza,Potret Raja Yordania Abdullah II 'Turun Gunung' Kirim Bantuan Ke Gaza
https://www.cnbcindonesia.com/news/20240228072553-4-518149/warga-arab-amerika-ngamuk-kecam-dukungan-biden-untuk-israel,Warga Arab Amerika Ngamuk! Kecam Dukungan Biden untuk Israel
https://www.cnbcindonesia.com/news/20240228064529-4-518138/laut-merah-jadi-jalur-neraka-ini-syarat-houthi-hentikan-serangan,"Laut Merah Jadi Jalur 'Neraka', Ini Syarat Houthi Hentikan Serangan"
https://www.cnbcindonesia.com/news/20240228054916-4-518131/militer-as-bakar-diri-demi-bela-palestina-begini-respons-hamas,"Militer AS Bakar Diri Demi Bela Palestina, Begini Respons Hamas"
https://www.cnbcindonesia.com/news/20240227213009-4-518122/5-update-gaza-qatar-beri-sinyal-positif-soal-gencatan-senjata,"5 Update Gaza, Qatar Beri Sinyal Positif Soal Gencatan Senjata"
https://www.cnbcindonesia.com/news/20240227172351-8-518073/video-yordania-kirim-bantuan-kemanusiaan-ke-palestina,Video: Yordania Kirim Bantuan Kemanusiaan ke Palestina
https://www.cnbcindonesia.com/news/20240227172801-8-518078/video-warga-gaza-berebut-terima-bantuan-dari-udara,Video: Warga Gaza Berebut Terima Bantuan Dari Udara
https://www.cnbcindonesia.com/news/20240227111856-7-517879/militer-israel-temukan-lagi-terowongan-hamas-ini-penampakannya,"Militer Israel Temukan Lagi Terowongan Hamas, Ini Penampakannya"
https://www.cnbcindonesia.com/news/20240227142018-4-517973/biden-sebut-israel-sepakat-setop-serang-gaza-saat-ramadan-yakin,"Biden Sebut Israel Sepakat Setop Serang Gaza Saat Ramadan, Yakin?"
https://www.cnbcindonesia.com/news/20240227094407-7-517845/penghormatan-warga-as-ke-aaron-bushnell-yang-bakar-diri-bela-palestina,Penghormatan Warga AS ke Aaron Bushnell yang Bakar Diri Bela Palestina
https://www.cnbcindonesia.com/news/20240227121931-4-517915/joe-biden-bocorkan-waktu-gencatan-senjata-israel-hamas-kapan,"Joe Biden Bocorkan Waktu Gencatan Senjata Israel-Hamas, Kapan?"
https://www.cnbcindonesia.com/news/20240227083309-8-517811/videonetanyahu-tegaskan-terus-gempur-rafah-meski-ada-gencatan-senjata,Video:Netanyahu Tegaskan Terus Gempur Rafah Meski Ada Gencatan Senjata
https://www.cnbcindonesia.com/news/20240227085947-4-517832/siapa-aaron-bushnell-militer-as-yang-bakar-diri-demi-bela-palestina,"Siapa Aaron Bushnell, Militer AS yang Bakar Diri Demi Bela Palestina?"
https://www.cnbcindonesia.com/news/20240227084121-8-517817/video-pilot-militer-as-bakar-diri-dukung-pembebasan-palestina,"Video: Pilot Militer AS Bakar Diri, Dukung Pembebasan Palestina"
https://www.cnbcindonesia.com/news/20240227074255-4-517803/perdana-menteri-palestina-tiba-tiba-mengundurkan-diri-ada-apa,"Perdana Menteri Palestina Tiba-Tiba Mengundurkan Diri, Ada Apa?"
https://www.cnbcindonesia.com/news/20240227052023-4-517766/aaron-bushnell-militer-as-yang-bakar-diri-depan-kedubes-israel-tewas,"Aaron Bushnell, Militer AS yang Bakar Diri Depan Kedubes Israel Tewas"
https://www.cnbcindonesia.com/news/20240226172320-8-517713/video-perdana-menteri-palestina-mengundurkan-diri,Video: Perdana Menteri Palestina Mengundurkan Diri
https://www.cnbcindonesia.com/news/20240226162623-4-517680/breaking-news-pm-palestina-mundur,Breaking News: PM Palestina Mundur
https://www.cnbcindonesia.com/news/20240226130015-4-517598/militer-israel-rencanakan-evakuasi-segera-warga-gaza,Militer Israel Rencanakan Evakuasi Segera Warga Gaza
https://www.cnbcindonesia.com/news/20240226115836-4-517562/pilot-militer-as-bakar-diri-di-depan-kedubes-israel-di-washington,Pilot Militer AS Bakar Diri di Depan Kedubes Israel di Washington
https://www.cnbcindonesia.com/news/20240226075441-8-517467/video-aksi-retno-marsudi-beberkan-dosa-besar-israel-di-sidang-icj,Video: Aksi Retno Marsudi Beberkan Dosa Besar Israel Di Sidang ICJ
https://www.cnbcindonesia.com/news/20240226051645-4-517447/tangan-kanan-netanyahu-blak-blakan-masa-depan-perang-lawan-hizbullah,Tangan Kanan Netanyahu Blak-blakan Masa Depan Perang Lawan Hizbullah
https://www.cnbcindonesia.com/news/20240226000625-4-517441/ini-rencana-pemungkas-netanyahu-di-gaza-jamin-kemenangan-total-israel,"Ini Rencana Pemungkas Netanyahu di Gaza, Jamin Kemenangan Total Israel"
https://www.cnbcindonesia.com/news/20240225161452-8-517416/video-muak-dengan-pemerintah-warga-israel-minta-netanyahu-mundur,"Video: Muak dengan Pemerintah, Warga Israel Minta Netanyahu Mundur"
https://www.cnbcindonesia.com/news/20240225084337-7-517362/chaos-warga-israel-sudah-muak-terhadap-netanyahu-rusuh-lawan-polisi,"Chaos! Warga Israel Sudah Muak terhadap Netanyahu, Rusuh Lawan Polisi"
https://www.cnbcindonesia.com/news/20240225080851-7-517350/potret-serangan-udara-israel-bombardir-rafah-korban-jiwa-berjatuhan,"Potret Serangan Udara Israel Bombardir Rafah, Korban Jiwa Berjatuhan"
https://www.cnbcindonesia.com/news/20240225055453-4-517339/krisis-laut-merah-makin-parah-as-inggris-serang-houthi-tanpa-ampun,"Krisis Laut Merah Makin Parah, AS-Inggris Serang Houthi Tanpa Ampun"
https://www.cnbcindonesia.com/news/20240224162749-7-517309/keluarga-israel-blokir-jalan-tuntut-pembebasan-sandera,"Keluarga Israel Blokir Jalan, Tuntut Pembebasan Sandera"
https://www.cnbcindonesia.com/news/20240224151055-4-517304/menlu-retno-kekejaman-israel-melanggar-hukum-harus-dihentikan,"Menlu Retno: Kekejaman Israel Melanggar Hukum, Harus Dihentikan!"
https://www.cnbcindonesia.com/news/20240224083114-4-517256/ini-putusan-mahkamah-internasional-atas-israel-respons-dunia,Ini Putusan Mahkamah Internasional Atas Israel & Respons Dunia
https://www.cnbcindonesia.com/news/20240223135402-7-517093/potret-ribuan-massa-pro-palestina-bawa-sampah--demo-di-new-york,Potret Ribuan Massa Pro Palestina Bawa Sampah - Demo di New York
https://www.cnbcindonesia.com/news/20240223212000-4-517243/9-update-perang-gaza-china-turun-gunung-israel-lecehkan-tahanan,9 Update Perang Gaza: China Turun Gunung-Israel Lecehkan Tahanan
https://www.cnbcindonesia.com/news/20240223195533-4-517239/timur-tengah-makin-membara-houthi-rekrut-200000-pejuang-baru,"Timur Tengah Makin Membara, Houthi Rekrut 200.000 Pejuang Baru"
https://www.cnbcindonesia.com/news/20240223194545-4-517238/houthi-tembak-kapal-inggris-as-pakai-senjata-kapal-selam-misterius,Houthi Tembak Kapal Inggris-AS Pakai Senjata Kapal Selam Misterius
https://www.cnbcindonesia.com/news/20240223145938-4-517119/pbb-sebut-info-pihak-israel-perkosa-tahanan-wanita-palestina-kredibel,PBB Sebut Info Pihak Israel Perkosa Tahanan Wanita Palestina Kredibel
https://www.cnbcindonesia.com/news/20240223134918-4-517091/keras-menlu-retno-kecam-israel-di-depan-dunia-sebut-neraka,"Keras! Menlu Retno Kecam Israel di Depan Dunia, Sebut Neraka"
https://www.cnbcindonesia.com/news/20240222193952-7-516891/potret-kapal-kargo-as-lolos-dari-rudal-maut-houthi-di-laut-merah,Potret Kapal Kargo AS Lolos dari Rudal Maut Houthi di Laut Merah
https://www.cnbcindonesia.com/news/20240222201201-4-516910/9-update-perang-gaza-israel-serang-iran-hizbullah-houthi-menggila,"9 Update Perang Gaza: Israel Serang Iran, Hizbullah-Houthi Menggila"
https://www.cnbcindonesia.com/news/20240222193858-4-516890/peneliti-johns-hopkins-ramal-korban-tewas-gaza-85000-dalam-6-bulan,Peneliti Johns Hopkins Ramal Korban Tewas Gaza 85.000 dalam 6 Bulan
https://www.cnbcindonesia.com/news/20240222151840-4-516789/as-bela-israel-di-mahkamah-internasional-negara-lain-mengecam-keras,"AS Bela Israel di Mahkamah Internasional, Negara Lain Mengecam Keras"
https://www.cnbcindonesia.com/news/20240222124259-4-516731/hizbullah-serang-matzuva-israel-pertama-kali-awas-lebanon-memanas,"Hizbullah Serang 'Matzuva' Israel Pertama Kali, Awas Lebanon Memanas"
https://www.cnbcindonesia.com/news/20240221205621-4-516569/5-fakta-baru-perang-gaza-ekonomi-israel-ambruk-pbb-setop-bantuan,5 Fakta Baru Perang Gaza: Ekonomi Israel Ambruk-PBB Setop Bantuan
https://www.cnbcindonesia.com/news/20240221170713-16-516500/israel-kena-senjata-makan-tuan-perang-gaza-ekonomi-amblas-20,"Israel Kena Senjata Makan Tuan Perang Gaza, Ekonomi Amblas 20%"
https://www.cnbcindonesia.com/news/20240221174306-4-516532/pbb-setop-kirim-bantuan-ke-gaza-warga-palestina-sekarat,"PBB Setop Kirim Bantuan ke Gaza, Warga Palestina Sekarat!"
https://www.cnbcindonesia.com/news/20240221080504-8-516228/video-uni-eropa-desak-gencatan-senjata-permanen-di-gaza,Video: Uni Eropa Desak Gencatan Senjata Permanen Di Gaza
https://www.cnbcindonesia.com/news/20240221080336-8-516226/video-pangeran-william-buka-suara-soal-konflik-di-jalur-gaza,Video: Pangeran William Buka Suara Soal Konflik Di Jalur Gaza
https://www.cnbcindonesia.com/news/20240221070305-4-516212/as-veto-lagi-senjata-pbb-selamatkan-gaza-china-rusia-arab-bereaksi,"AS Veto Lagi 'Senjata' PBB Selamatkan Gaza, China-Rusia-Arab Bereaksi"
https://www.cnbcindonesia.com/news/20240221061016-4-516203/gila-israel-gempur-gaza-semalaman-103-orang-tewas-dalam-24-jam,"Gila! Israel Gempur Gaza Semalaman, 103 Orang Tewas dalam 24 Jam"
https://www.cnbcindonesia.com/news/20240221053939-4-516202/pangeran-william-buka-suara-soal-gaza-ada-apa,"Pangeran William Buka Suara soal Gaza, Ada Apa?"
https://www.cnbcindonesia.com/news/20240220204959-7-516189/chaos-warga-israel-demo-besar-besaran-di-depan-rumah-netanyahu,Chaos! Warga Israel Demo Besar-besaran di Depan Rumah Netanyahu
https://www.cnbcindonesia.com/news/20240220200823-4-516175/7-fakta-terkini-perang-gaza-senjata-baru-as-israel-vs-brasil,7 Fakta Terkini Perang Gaza: 'Senjata' Baru AS-Israel Vs Brasil
https://www.cnbcindonesia.com/news/20240220183650-4-516134/brasil-ribut-dengan-israel-soal-gaza-tarik-dubes-pulang-dari-tel-aviv,"Brasil Ribut dengan Israel soal Gaza, Tarik Dubes Pulang dari Tel Aviv"
https://www.cnbcindonesia.com/news/20240220142941-4-516035/ancaman-veto-as-bayangi-pemungutan-suara-dk-pbb-soal-gaza,Ancaman Veto AS Bayangi Pemungutan Suara DK PBB soal Gaza
https://www.cnbcindonesia.com/news/20240219205940-7-515810/melihat-hancurnya-rafah-benteng-terakhir-warga-gaza-lawan-israel,"Melihat Hancurnya Rafah, Benteng Terakhir Warga Gaza Lawan Israel"
https://www.cnbcindonesia.com/news/20240219200603-4-515805/9-update-perang-gaza-putin-undang-hamas-ancaman-ramadan-berdarah,"9 Update Perang Gaza, Putin Undang Hamas-Ancaman Ramadan 'Berdarah'"
https://www.cnbcindonesia.com/news/20240219201250-4-515806/israel-ultimatum-hamas-beri-ancaman-ramadan-berdarah,"Israel Ultimatum Hamas, Beri Ancaman Ramadan 'Berdarah'"
https://www.cnbcindonesia.com/news/20240219184846-4-515789/laut-merah-makin-mencekam-serangan-baru-houthi-hantam-kapal-inggris,"Laut Merah Makin Mencekam, Serangan Baru Houthi Hantam Kapal Inggris"
https://www.cnbcindonesia.com/news/20240219190000-16-515794/deretan-negara-superpower-yang-memasok-senjata-ke-israel,Deretan Negara 'Superpower' yang Memasok Senjata ke Israel
https://www.cnbcindonesia.com/news/20240219124634-7-515635/penampakan-tembok-misterius-yang-dibangun-mesir-dekat-gaza,Penampakan Tembok Misterius yang Dibangun Mesir dekat Gaza
https://www.cnbcindonesia.com/news/20240219161502-4-515705/sejarah-icj-gelar-sidang-soal-pendudukan-57-tahun-israel-di-palestina,Sejarah! ICJ Gelar Sidang soal Pendudukan 57 Tahun Israel di Palestina
https://www.cnbcindonesia.com/news/20240219144048-4-515678/ada-apa-biden-amerika-bakal-blokir-upaya-gencatan-senjata-gaza,Ada Apa Biden? Amerika Bakal Blokir Upaya Gencatan Senjata Gaza
https://www.cnbcindonesia.com/news/20240219124525-4-515633/6-negara-yang-memasok-senjata-ke-israel-siapa-saja,"6 Negara yang Memasok Senjata ke Israel, Siapa Saja?"
https://www.cnbcindonesia.com/news/20240219123525-4-515626/diam-diam-mesir-bangun-tembok-misterius-di-dekat-gaza-ada-apa,"Diam-Diam Mesir Bangun Tembok ""Misterius"" di Dekat Gaza, Ada Apa?"
https://www.cnbcindonesia.com/news/20240219075443-8-515518/video-rs-nasser-di-gaza-berhenti-total-usai-dibombardir-israel,Video: RS Nasser di Gaza Berhenti Total Usai Dibombardir Israel
https://www.cnbcindonesia.com/news/20240219060546-4-515489/perang-gaza-belum-kelar-korban-tewas-hampir-29000-pbb-ke-mana,"Perang Gaza Belum Kelar! Korban Tewas Hampir 29.000, PBB ke Mana?"
https://www.cnbcindonesia.com/news/20240218165401-4-515467/netanyahu-tolak-damai-dengan-hamas-palestina-bakal-terus-dibombardir,"Netanyahu Tolak Damai dengan Hamas, Palestina Bakal Terus Dibombardir"
https://www.cnbcindonesia.com/news/20240217183556-4-515370/tempat-perlindungan-akhir-warga-palestina-di-gaza-dikepung-israel,Tempat Perlindungan Akhir Warga Palestina di Gaza Dikepung Israel
https://www.cnbcindonesia.com/news/20240217112118-7-515317/pusat-kesehatan-pbb-palestina-unrwa-hancur-diserang-israel,Pusat Kesehatan PBB Palestina UNRWA Hancur Diserang Israel
https://www.cnbcindonesia.com/news/20240217082254-4-515298/geger-putusan-mahkamah-internasional-ke-israel-ini-respons-dunia,"Geger Putusan Mahkamah Internasional ke Israel, Ini Respons Dunia"
https://www.cnbcindonesia.com/news/20240216102511-4-514956/daftar-negara-setop-kirim-senjata-ke-israel-ada-dari-asia,"Daftar Negara Setop Kirim Senjata ke Israel, Ada dari Asia"
https://www.cnbcindonesia.com/news/20240216084533-7-514922/detik-detik-israel-serbu-rs-nasser-di-gaza-kondisi-chaos,"Detik-Detik Israel Serbu RS Nasser di Gaza, Kondisi Chaos"
https://www.cnbcindonesia.com/news/20240216054649-4-514882/israel-serbu-rumah-sakit-nasser-di-gaza-korban-tewas-meningkat,Israel Serbu Rumah Sakit Nasser di Gaza-Korban Tewas Meningkat
https://www.cnbcindonesia.com/news/20240215084853-8-514501/militer-israel-rilis-video-pemimpin-hamas-di-terowongan-di-khan-younis,Militer Israel Rilis Video Pemimpin Hamas Di Terowongan Di Khan Younis
https://www.cnbcindonesia.com/news/20240213191356-4-513945/update-gaza-korban-tewas--biden-bahas-kunci-gencatan-senjata,Update Gaza: Korban Tewas - Biden Bahas 'Kunci' Gencatan Senjata
https://www.cnbcindonesia.com/news/20240213171510-4-513918/dalih-netanyahu-bombardir-rafah-tuai-kecaman-dunia-biden-ngamuk,"Dalih Netanyahu Bombardir Rafah Tuai Kecaman Dunia, Biden Ngamuk"
https://www.cnbcindonesia.com/news/20240213161520-4-513880/mengenal-rafah-jalur-penyelamatan-warga-gaza-yang-diserang-israel,"Mengenal Rafah, Jalur Penyelamatan Warga Gaza yang Diserang Israel"
https://www.cnbcindonesia.com/news/20240213132530-4-513799/israel-menggila-bombardir-rafah-china-akhirnya-buka-suara,"Israel Menggila Bombardir Rafah, China Akhirnya Buka Suara"
https://www.cnbcindonesia.com/news/20240213122835-4-513771/belanda-hukum-israel-setop-ekspor-suku-cadang-jet-tempur-f-35,"Belanda Hukum Israel, Setop Ekspor Suku Cadang Jet Tempur F-35"
https://www.cnbcindonesia.com/news/20240213104351-4-513716/timur-tengah-makin-panas-iran-respons-serangan-israel-ke-rafah,"Timur Tengah Makin Panas, Iran Respons Serangan Israel ke Rafah"
https://www.cnbcindonesia.com/news/20240213093510-7-513693/potret-terbaru-rafah-porak-poranda-dibombardir-israel,Potret Terbaru Rafah Porak-poranda Dibombardir Israel
https://www.cnbcindonesia.com/news/20240212205002-4-513623/5-fakta-serangan-israel-di-rafah-misi-penyelamatan-turki-buka-suara,5 Fakta Serangan Israel di Rafah: Misi Penyelamatan-Turki Buka Suara
https://www.cnbcindonesia.com/news/20240212202911-4-513622/houthi-makin-menggila-di-laut-merah-ini-target-terbarunya,"Houthi Makin Menggila di Laut Merah, Ini Target Terbarunya"
https://www.cnbcindonesia.com/news/20240212185143-8-513610/video-israel-bebaskan-2-sandera-di-rafah,Video: Israel Bebaskan 2 Sandera di Rafah
https://www.cnbcindonesia.com/news/20240212160228-4-513566/bombardir-rafah-israel-bebaskan-2-sandera-bunuh-67-orang,"Bombardir Rafah, Israel Bebaskan 2 Sandera-Bunuh 67 Orang"
https://www.cnbcindonesia.com/news/20240212082510-8-513365/warga-gaza-terancam-krisis-pangan-terpaksa-mengolah-pakan-ternak,"Warga Gaza Terancam Krisis Pangan, Terpaksa Mengolah Pakan Ternak"
https://www.cnbcindonesia.com/news/20240212073751-7-513347/update-baru-gaza-israel-menggila-bakal-bom-rafah-tak-ada-tempat-aman,"Update Baru Gaza, Israel Menggila Bakal Bom Rafah-Tak Ada Tempat Aman"
https://www.cnbcindonesia.com/news/20240212082040-8-513364/video-israel-bertekad-lanjutkan-serang-rafah-pengungsi-terancam,"Video: Israel Bertekad Lanjutkan Serang Rafah, Pengungsi Terancam!"
https://www.cnbcindonesia.com/news/20240212055122-4-513332/pembantaian-gaza-berlanjut-netanyahu-janji-serangan-darat-ke-rafah,"Pembantaian Gaza Berlanjut, Netanyahu Janji Serangan Darat ke Rafah"
https://www.cnbcindonesia.com/news/20240211154414-4-513292/heboh-putusan-mahkamah-internasional-ke-israel-dunia-respons-begini,"Heboh Putusan Mahkamah Internasional ke Israel, Dunia Respons Begini"
https://www.cnbcindonesia.com/news/20240211174225-7-513311/wujud-terowongan-bawah-tanah-sepanjang-700-meter-diduga-milik-hamas,"Wujud Terowongan Bawah Tanah Sepanjang 700 Meter, Diduga Milik Hamas"
https://www.cnbcindonesia.com/news/20240211102736-7-513243/israel-bombardir-rafah-mobil-terbakar-rumah-rusak-parah,"Israel Bombardir Rafah, Mobil Terbakar & Rumah Rusak Parah"
https://www.cnbcindonesia.com/news/20240210122339-4-513103/heboh-skandal-72-virgins-uncensored-militer-israel-ini-penjelasannya,"Heboh Skandal 72 Virgins Uncensored Militer Israel, Ini Penjelasannya"
https://www.cnbcindonesia.com/news/20240210063252-4-513058/alert-israel-siap-serang-kota-terakhir-tempat-warga-gaza-berlindung,Alert! Israel Siap Serang Kota Terakhir Tempat Warga Gaza Berlindung
https://www.cnbcindonesia.com/news/20240209084037-4-512929/calon-korban-krisis-laut-merah-makin-banyak-waspada-malapetaka-baru,"Calon Korban Krisis Laut Merah Makin Banyak, Waspada Malapetaka Baru"
https://www.cnbcindonesia.com/news/20240209060226-4-512919/israel-siap-serang-gerbang-afrika-as-beri-peringatan-keras,"Israel Siap Serang 'Gerbang Afrika', AS Beri Peringatan Keras"
https://www.cnbcindonesia.com/news/20240208191249-4-512891/bahaya-sekjen-pbb-peringatkan-israel-makin-menggila-ke-palestina,Bahaya! Sekjen PBB Peringatkan Israel Makin 'Menggila' ke Palestina!
https://www.cnbcindonesia.com/news/20240208194025-4-512895/tolak-gencatan-senjata-israel-siap-serang-kota-pengungsi-rafah,"Tolak Gencatan Senjata, Israel Siap Serang Kota Pengungsi Rafah"
https://www.cnbcindonesia.com/news/20240208071111-4-512785/israel-tolak-proposal-gencatan-senjata-hamas-netanyahu-delusi,"Israel Tolak Proposal Gencatan Senjata Hamas, Netanyahu: Delusi.."
https://www.cnbcindonesia.com/news/20240207141921-4-512625/3-juru-damai-israel-hamas-kebut-proses-negosiasi-ini-kabar-terbarunya,"3 Juru Damai Israel-Hamas Kebut Proses Negosiasi, Ini Kabar Terbarunya"
https://www.cnbcindonesia.com/news/20240207105959-4-512546/geger-kabar-pimpinan-hamas-terpecah-apa-yang-terjadi,"Geger Kabar Pimpinan Hamas Terpecah, Apa yang Terjadi?"
https://www.cnbcindonesia.com/news/20240207082522-8-512487/video-jerman-desak-netanyahu-sepakati-gencatan-senjata,Video: Jerman Desak Netanyahu Sepakati Gencatan Senjata
https://www.cnbcindonesia.com/news/20240207053849-4-512454/houthi-menggila-lagi-di-laut-merah-makan-2-korban-baru,"Houthi Menggila Lagi di Laut Merah, Makan 2 Korban Baru"
https://www.cnbcindonesia.com/news/20240207051546-4-512453/hamas-akhirnya-respons-proposal-gencatan-senjata-dengan-israel-damai,"Hamas Akhirnya Respons Proposal Gencatan Senjata dengan Israel, Damai?"
https://www.cnbcindonesia.com/news/20240206153447-4-512321/militer-israel-diguncang-skandal-72-virgins-uncensored-apa-itu,"Militer Israel Diguncang Skandal 72 Virgins Uncensored, Apa Itu?"
https://www.cnbcindonesia.com/lifestyle/20240206121033-33-512244/starbucks-dan-mcdonalds-kompak-salahkan-israel-ada-apa,"Starbucks dan McDonald's Kompak Salahkan Israel, Ada Apa?"
https://www.cnbcindonesia.com/news/20240206081022-8-512148/video-israel-berencana-mengganti-unrwa-dengan-organisasi-lain,Video: Israel Berencana Mengganti UNRWA Dengan Organisasi Lain
https://www.cnbcindonesia.com/news/20240205152621-4-511999/lama-jadi-sekutu-jerman-tiba-tiba-marah-besar-ke-israel-ada-apa,"Lama Jadi Sekutu, Jerman Tiba-Tiba Marah Besar ke Israel, Ada Apa?"
https://www.cnbcindonesia.com/news/20240205101726-4-511876/perang-gaza-menggila-pasukan-israel-ancam-serang-gerbang-afrika,"Perang Gaza Menggila, Pasukan Israel Ancam Serang 'Gerbang' Afrika"
https://www.cnbcindonesia.com/news/20240205055502-4-511777/israel-menggila-gempur-gaza-hamas-beri-perlawanan-keras-di-2-kota-ini,"Israel Menggila Gempur Gaza, Hamas Beri Perlawanan Keras di 2 Kota Ini"
https://www.cnbcindonesia.com/news/20240203085104-4-511374/geger-putusan-mahkamah-internasional-ke-israel-ini-respons-dunia,"Geger Putusan Mahkamah Internasional ke Israel, Ini Respons Dunia"
https://www.cnbcindonesia.com/news/20240202163948-7-511240/detik-detik-biden-dihadang-pro-palestina-sebelum-kampanye-pilpres,Detik-Detik Biden Dihadang Pro Palestina Sebelum Kampanye Pilpres
https://www.cnbcindonesia.com/news/20240202193122-4-511327/jelang-pilpres-as-dorong-normalisasi-hubungan-arab-saudi-israel,"Jelang Pilpres, AS Dorong Normalisasi Hubungan Arab Saudi-Israel"
https://www.cnbcindonesia.com/news/20240202144901-4-511197/kacau-jelang-gencatan-senjata-israel-ancam-serbu-perbatasan-mesir,"Kacau! Jelang Gencatan Senjata, Israel Ancam Serbu Perbatasan Mesir"
https://www.cnbcindonesia.com/news/20240202081847-8-511051/video-as-sanksi-4-pria-israel-yang-terlibat-kekerasan-di-tepi-barat,Video: AS Sanksi 4 Pria Israel Yang Terlibat Kekerasan Di Tepi Barat
https://www.cnbcindonesia.com/news/20240202081339-8-511049/video-genosida-berlanjut-korban-di-gaza-tembus-27-ribu-jiwa,"Video: Genosida Berlanjut, Korban Di Gaza Tembus 27 Ribu Jiwa"
https://www.cnbcindonesia.com/news/20240202072928-4-511034/hamas-beri-sinyal-damai-dengan-israel-perang-gaza-berakhir,"Hamas Beri Sinyal 'Damai' dengan Israel, Perang Gaza Berakhir?"
https://www.cnbcindonesia.com/news/20240202050257-4-511017/babak-baru-biden-vs-netanyahu-as-jatuhkan-sanksi-untuk-pemukim-israel,"Babak Baru Biden Vs Netanyahu, AS Jatuhkan Sanksi untuk Pemukim Israel"
https://www.cnbcindonesia.com/news/20240131175242-7-510622/potret-100-mayat-warga-gaza-dicuri-israel-ada-yang-kembali-tak-utuh,"Potret 100 Mayat Warga Gaza ""Dicuri"" Israel, Ada yang Kembali Tak Utuh"
https://www.cnbcindonesia.com/news/20240131151159-4-510537/perbandingan-kekuatan-militer-iran-dan-israel-siapa-yang-unggul,"Perbandingan Kekuatan Militer Iran dan Israel, Siapa yang Unggul?"
https://www.cnbcindonesia.com/news/20240131092501-4-510392/israel-banjiri-terowongan-hamas-di-gaza-gencatan-senjata-gagal,"Israel Banjiri Terowongan Hamas di Gaza, Gencatan Senjata Gagal?"
https://www.cnbcindonesia.com/news/20240131082147-8-510363/video-nyamar-jadi-dokter-tentara-israel-bunuh-3-milisi-palestina,"Video: Nyamar Jadi Dokter, Tentara Israel Bunuh 3 Milisi Palestina"
https://www.cnbcindonesia.com/news/20240131061437-4-510316/israel-mau-gencatan-senjata-dengan-hamas-ini-syarat-dari-netanyahu,"Israel Mau Gencatan Senjata dengan Hamas, Ini Syarat dari Netanyahu"
https://www.cnbcindonesia.com/news/20240131045732-4-510310/pasukan-israel-nyamar-jadi-dokter-serbu-rumah-sakit-3-orang-tewas,"Pasukan Israel Nyamar Jadi Dokter & Serbu Rumah Sakit, 3 Orang Tewas"
https://www.cnbcindonesia.com/news/20240130121012-7-510121/detik-detik-hamas-gempur-israel-di-gaza-bawa-roket-tembak-tank,"Detik-Detik Hamas Gempur Israel di Gaza, Bawa Roket-Tembak Tank"
https://www.cnbcindonesia.com/lifestyle/20240130084350-33-510040/13-situs-warisan-gaza-yang-dihancurkan-israel-termasuk-masjid,"13 Situs Warisan Gaza yang Dihancurkan Israel, Termasuk Masjid"
https://www.cnbcindonesia.com/news/20240130071830-4-510006/jelang-gencatan-senjata-hamas-hujani-jantung-israel-dengan-roket,"Jelang Gencatan Senjata, Hamas Hujani 'Jantung' Israel dengan Roket"
https://www.cnbcindonesia.com/news/20240130053946-4-509993/bukan-gaza-israel-bersiap-terjunkan-pasukan-baru-di-wilayah-ini,"Bukan Gaza, Israel Bersiap Terjunkan Pasukan Baru di Wilayah Ini"
https://www.cnbcindonesia.com/news/20240129201957-4-509985/israel-hamas-sepakat-gencatan-senjata-ini-syarat-utama,"Israel-Hamas Sepakat Gencatan Senjata, Ini Syarat Utama"
https://www.cnbcindonesia.com/news/20240129113458-8-509783/survei-terbaru-capres-hingga-pbb-minta-bantuan-dana-bagi-palestina,Survei Terbaru Capres Hingga PBB Minta Bantuan Dana Bagi Palestina
https://www.cnbcindonesia.com/news/20240129091052-8-509724/video-negara-negara-stop-dana-untuk-palestina-ini-respons-pbb,"Video: Negara-Negara Stop Dana Untuk Palestina, Ini Respons PBB"
https://www.cnbcindonesia.com/news/20240129094744-4-509738/ramai-negara-setop-pendanaan-untuk-badan-pbb-palestina-ini-faktanya,"Ramai Negara Setop Pendanaan untuk Badan PBB Palestina, Ini Faktanya"
https://www.cnbcindonesia.com/news/20240128162426-7-509625/pecah-demo-warga-israel-tuntut-gencatan-senjata,Pecah! Demo Warga Israel Tuntut Gencatan Senjata
https://www.cnbcindonesia.com/news/20240128132253-4-509599/ramai-negara-tarik-pendanaan-untuk-palestina-ini-respons-pbb,"Ramai Negara Tarik Pendanaan untuk Palestina, Ini Respons PBB"
https://www.cnbcindonesia.com/news/20240128105507-4-509578/isi-pembicaraan-rahasia-netanyahu-soal-negosiasi-bocor-qatar-ngamuk,"Isi Pembicaraan 'Rahasia' Netanyahu soal Negosiasi Bocor, Qatar Ngamuk"
https://www.cnbcindonesia.com/news/20240128104042-4-509576/korban-krisis-laut-merah-makin-banyak-china-ngamuk-dan-ancam-iran,"Korban Krisis Laut Merah Makin Banyak, China 'Ngamuk' dan Ancam Iran"
https://www.cnbcindonesia.com/news/20240128063533-4-509548/krisis-laut-merah-makan-korban-lagi-rusia,Krisis Laut Merah Makan Korban Lagi: Rusia
https://www.cnbcindonesia.com/news/20240128061723-4-509547/ramai-ramai-negara-stop-dana-untuk-badan-pbb-palestina-ini-daftarnya,"Ramai-Ramai Negara Stop Dana untuk Badan PBB Palestina, Ini Daftarnya"
https://www.cnbcindonesia.com/news/20240127205352-4-509543/israel-mau-larang-badan-pbb-beroperasi-di-gaza-palestina,Israel Mau Larang Badan PBB Beroperasi di Gaza Palestina
https://www.cnbcindonesia.com/news/20240127160823-7-509515/diusir-israel-warga-palestina-terpaksa-tinggalkan-tanah-kelahiran,"Diusir Israel, Warga Palestina Terpaksa Tinggalkan Tanah Kelahiran"
https://www.cnbcindonesia.com/news/20240127153941-4-509511/indonesia-beri-titah-ke-israel-patuhi-mahkamah-internasional,Indonesia Beri Titah ke Israel: Patuhi Mahkamah Internasional!
https://www.cnbcindonesia.com/news/20240127150246-4-509510/rakyat-gaza-anggap-mahkamah-internasional-gagal-hadapi-israel,Rakyat Gaza Anggap Mahkamah Internasional Gagal Hadapi Israel
https://www.cnbcindonesia.com/news/20240127065754-8-509462/warga-palestina-kecewa-icj-tak-perintahkan-gencatan-senjata-di-gaza,Warga Palestina Kecewa ICJ Tak Perintahkan Gencatan Senjata di Gaza
https://www.cnbcindonesia.com/news/20240127064002-8-509461/mahkamah-internasional-putuskan-israel-harus-setop-genosida-di-gaza,Mahkamah Internasional Putuskan Israel Harus Setop Genosida di Gaza
https://www.cnbcindonesia.com/news/20240127074204-8-509468/video-israel-serang-pengungsian-di-gaza-15-orang-termasuk-bayi-tewas,"Video: Israel Serang Pengungsian di Gaza, 15 Orang Termasuk Bayi Tewas"
https://www.cnbcindonesia.com/news/20240127080150-4-509471/begini-reaksi-dunia-soal-keputusan-mahkamah-internasional-ke-israel,Begini Reaksi Dunia Soal Keputusan Mahkamah Internasional ke Israel
https://www.cnbcindonesia.com/news/20240126172623-4-509393/jokowi-ngamuk-ke-netanyahu-titahkan-ini-ke-pelabuhan-ri,"Jokowi Ngamuk ke Netanyahu, Titahkan Ini ke Pelabuhan RI"
https://www.cnbcindonesia.com/news/20240126151543-4-509332/israel-mau-bentuk-zona-baru-di-gaza-hamas-blak-blakan-bilang-begini,"Israel Mau Bentuk Zona Baru di Gaza, Hamas Blak-blakan Bilang Begini"
https://www.cnbcindonesia.com/news/20240126125927-4-509261/konflik-laut-merah-terus-makan-korban-china-ancam-iran,"Konflik Laut Merah Terus Makan Korban, China Ancam Iran"
https://www.cnbcindonesia.com/news/20240126075511-4-509153/rekaman-netanyahu-soal-perundingan-bocor-isinya-bikin-qatar-ngamuk,"Rekaman Netanyahu soal Perundingan Bocor, Isinya Bikin Qatar Ngamuk"
https://www.cnbcindonesia.com/news/20240126072319-4-509143/krisis-laut-merah-arus-kapal-di-terusan-suez-anjlok-42-picu-inflasi,"Krisis Laut Merah: Arus Kapal di Terusan Suez Anjlok 42%, Picu Inflasi"
https://www.cnbcindonesia.com/news/20240126054938-4-509124/genosida-gaza-nasib-israel-diputuskan-hari-ini-di-pengadilan-dunia,"Genosida Gaza, Nasib Israel Diputuskan Hari Ini di Pengadilan Dunia"
https://www.cnbcindonesia.com/news/20240125102517-7-508858/penampakan-masjid-hancur-lebur-dibom-israel-tersisa-reruntuhan,"Penampakan Masjid Hancur Lebur Dibom Israel, Tersisa Reruntuhan"
https://www.cnbcindonesia.com/news/20240125071138-7-508795/penampakan-pasukan-houthi-bakal-turun-ke-laut-merah,Penampakan Pasukan Houthi Bakal Turun ke Laut Merah
https://www.cnbcindonesia.com/news/20240124200714-7-508759/potret-miris-rumah-sakit-gaza-terkepung-pasukan-israel,Potret Miris Rumah Sakit Gaza Terkepung Pasukan Israel
https://www.cnbcindonesia.com/news/20240124210659-4-508770/7-update-konflik-timur-tengah-as-semprot-israel-laut-merah-kian-panas,7 Update Konflik Timur Tengah: AS Semprot Israel-Laut Merah Kian Panas
https://www.cnbcindonesia.com/news/20240124194851-4-508757/pbb-rapat-mendadak-cari-senjata-lawan-israel-rusia-turun-tangan,"PBB Rapat Mendadak Cari ""Senjata"" Lawan Israel, Rusia Turun Tangan"
https://www.cnbcindonesia.com/news/20240124193456-4-508748/terungkap-begini-cara-israel-bekukan-dan-kuasai-pajak-palestina,Terungkap Begini Cara Israel Bekukan dan Kuasai Pajak Palestina
https://www.cnbcindonesia.com/news/20240124155622-4-508662/menlu-israel-ngide-pindahkan-warga-gaza-ke-pulau-buatan-di-sini,Menlu Israel 'Ngide' Pindahkan Warga Gaza ke Pulau Buatan di Sini
https://www.cnbcindonesia.com/news/20240124142950-4-508626/apa-itu-solusi-dua-negara-jadi-kunci-perdamaian-israel-palestina,"Apa Itu Solusi Dua Negara, Jadi Kunci Perdamaian Israel-Palestina?"
https://www.cnbcindonesia.com/news/20240124075830-8-508477/videomenlu-israel-usulkan-warga-palestina-dipindahkan-ke-pulau-buatan,Video:Menlu Israel Usulkan Warga Palestina Dipindahkan Ke Pulau Buatan
https://www.cnbcindonesia.com/news/20240124075639-8-508476/video-israel-telan-kekalahan-terburuknya-di-gaza-24-tentara-tewas,"Video: Israel Telan Kekalahan Terburuknya Di Gaza, 24 Tentara Tewas"
https://www.cnbcindonesia.com/news/20240123174941-4-508411/israel-telan-kekalahan-terburuknya-di-gaza-ini-buktinya,"Israel Telan Kekalahan Terburuknya di Gaza, Ini Buktinya"
https://www.cnbcindonesia.com/lifestyle/20240123152134-33-508342/warga-gaza-konsumsi-makanan-burung-kelaparan-parah,"Warga Gaza Konsumsi Makanan Burung, Kelaparan Parah"
https://www.cnbcindonesia.com/news/20240123180616-4-508412/arab-saudi-mendadak-ancam-israel-soal-serangan-di-gaza-ini-isinya,"Arab Saudi Mendadak Ancam Israel soal Serangan di Gaza, Ini Isinya"
https://www.cnbcindonesia.com/news/20240123143524-4-508326/genderang-perang-telah-ditabuh-tiga-konflik-ini-bisa-picu-pd-3,"Genderang Perang Telah Ditabuh, Tiga Konflik Ini Bisa Picu PD 3"
https://www.cnbcindonesia.com/news/20240123130149-4-508289/warga-israel-ngamuk-ke-netanyahu-serbu-kantor-parlemen,"Warga Israel Ngamuk ke Netanyahu, Serbu Kantor Parlemen"
https://www.cnbcindonesia.com/news/20240123081737-8-508174/video-jerman-jadi-korban-baru-konflik-di-laut-merah,Video: Jerman Jadi Korban Baru Konflik Di Laut Merah
https://www.cnbcindonesia.com/news/20240122202710-4-508138/perang-membara-di-timur-tengah-4-negara-arab-ini-di-ambang-kiamat,"Perang Membara di Timur Tengah, 4 Negara Arab Ini di Ambang 'Kiamat'"
https://www.cnbcindonesia.com/news/20240122110100-7-507920/potret-ratusan-warga-lintas-agama-di-london-kompak-demo-bela-palestina,Potret Ratusan Warga Lintas Agama di London Kompak Demo Bela Palestina
https://www.cnbcindonesia.com/news/20240122204010-4-508139/6-update-konflik-timur-tengah-netanyahu-ogah-damai-as-iran-kritis,"6 Update Konflik Timur Tengah: Netanyahu Ogah Damai, AS-Iran 'Kritis'"
https://www.cnbcindonesia.com/news/20240122165955-8-508062/saudi-tak-mau-normalisasi-dengan-israel-tanpa-kemerdekaan-palestina,Saudi Tak Mau Normalisasi Dengan Israel Tanpa Kemerdekaan Palestina
https://www.cnbcindonesia.com/news/20240122184831-4-508102/arab-saudi-buka-bukaan-soal-normalisasi-hubungan-dengan-israel,Arab Saudi Buka-bukaan soal Normalisasi Hubungan dengan Israel
https://www.cnbcindonesia.com/news/20240122160323-4-508037/konflik-laut-merah-lagi-lagi-makan-korban-baru-jerman,Konflik Laut Merah Lagi-Lagi Makan Korban Baru: Jerman
https://www.cnbcindonesia.com/news/20240122151210-4-508021/terungkap-segini-pejuang-hamas-yang-dibunuh-israel-dalam-perang-gaza,"Terungkap, Segini Pejuang Hamas yang Dibunuh Israel dalam Perang Gaza"
https://www.cnbcindonesia.com/news/20240122125142-4-507964/iran-balas-dendam-nekat-serang-pangkalan-militer-as-di-irak,"Iran Balas Dendam, Nekat Serang Pangkalan Militer AS di Irak"
https://www.cnbcindonesia.com/news/20240122080602-8-507833/video-biden-desak-kedaulatan-palestina-netanyahu-menolak,"Video: Biden Desak Kedaulatan Palestina, Netanyahu Menolak"
https://www.cnbcindonesia.com/news/20240122045553-4-507801/25000-warga-gaza-tewas-dibom-israel-hamas-teriak-setop-perang,"25.000 Warga Gaza Tewas Dibom Israel, Hamas Teriak Setop Perang"
https://www.cnbcindonesia.com/news/20240121175419-4-507621/miris-korban-tewas-akibat-serangan-israel-ke-gaza-tembus-25-ribu-jiwa,Miris! Korban Tewas Akibat Serangan Israel ke Gaza Tembus 25 Ribu Jiwa
https://www.cnbcindonesia.com/news/20240121164512-4-507603/tolak-joe-biden-pm-israel-netanyahu-mau-bikin-palestina-seperti-ini,"Tolak Joe Biden, PM Israel Netanyahu Mau Bikin Palestina Seperti Ini.."
https://www.cnbcindonesia.com/news/20240121152207-7-507571/temuan-baru-terowongan-tempat-para-sandera-israel-ditahan,"Temuan Baru, Terowongan Tempat Para Sandera Israel Ditahan"
https://www.cnbcindonesia.com/news/20240120132824-4-507479/menlu-retno-kumpulkan-pakar-hukum-siapkan-upaya-gugat-israel,"Menlu Retno Kumpulkan Pakar Hukum, Siapkan Upaya Gugat Israel?"
https://www.cnbcindonesia.com/news/20240119184130-7-507403/keji-israel-bulldozer-makam-sampai-hancur--curi-jenazah,Keji! Israel Bulldozer Makam Sampai Hancur - Curi Jenazah
https://www.cnbcindonesia.com/news/20240119142927-4-507301/pm-israel-benjamin-netanyahu-kami-menyerang-iran,PM Israel Benjamin Netanyahu: Kami Menyerang Iran!
https://www.cnbcindonesia.com/news/20240119132945-4-507269/konflik-laut-merah-houthi-janji-tak-serang-kapal-dari-2-negara-ini,Konflik Laut Merah: Houthi Janji Tak Serang Kapal dari 2 Negara Ini
https://www.cnbcindonesia.com/news/20240119105712-4-507213/netanyahu-vs-biden-israel-tolak-as-soal-pengakuan-negara-palestina,"Netanyahu Vs Biden, Israel Tolak AS soal Pengakuan Negara Palestina"
https://www.cnbcindonesia.com/news/20240119082829-8-507168/video-israel-gempur-tepi-barat-11-orang-tewas-dalam-2-hari,"Video: Israel Gempur Tepi Barat, 11 Orang Tewas Dalam 2 Hari"
https://www.cnbcindonesia.com/news/20240119081912-8-507164/video-pakistan-balas-dendam-serang-iran,Video: Pakistan Balas Dendam Serang Iran
https://www.cnbcindonesia.com/news/20240119072643-4-507138/negara-arab-bersatu-segera-golkan-negara-palestina-akan-lakukan-ini,"Negara Arab Bersatu! Segera Golkan Negara Palestina, Akan Lakukan Ini"
https://www.cnbcindonesia.com/news/20240119065327-4-507131/tanda-tanda-perang-dunia-3-makin-nyata-iran-disebut-jadi-biang-kerok,"Tanda-Tanda Perang Dunia 3 Makin Nyata, Iran Disebut Jadi Biang Kerok"
https://www.cnbcindonesia.com/news/20240118210740-4-507104/6-update-terkini-konflik-timur-tengah-houthi-vs-as-iran-vs-pakistan,"6 Update Terkini Konflik Timur Tengah: Houthi Vs AS, Iran Vs Pakistan"
https://www.cnbcindonesia.com/news/20240118092723-7-506854/potret-miris-terbaru-dari-gaza-warga-serbu-truk-makanan-obat,"Potret Miris Terbaru dari Gaza, Warga Serbu Truk Makanan & Obat"
https://www.cnbcindonesia.com/news/20240117191454-4-506740/5-update-perang-gaza-jumlah-korban-israel-acak-acak-tepi-barat,5 Update Perang Gaza: Jumlah Korban-Israel Acak-Acak Tepi Barat
https://www.cnbcindonesia.com/news/20240117192319-4-506742/netanyahu-perang-lawan-hamas-berlanjut-hingga-2025,Netanyahu: Perang Lawan Hamas Berlanjut hingga 2025
https://www.cnbcindonesia.com/news/20240117183141-4-506721/as-masukkan-kembali-houthi-yaman-ke-daftar-teroris-global,AS Masukkan Kembali Houthi Yaman ke Daftar Teroris Global
https://www.cnbcindonesia.com/news/20240117132159-4-506566/israel-dan-hamas-akhirnya-sepakati-ini-tanda-perang-mau-berakhir,"Israel dan Hamas Akhirnya Sepakati Ini, Tanda Perang Mau Berakhir?"
https://www.cnbcindonesia.com/news/20240116133216-7-506260/update-baru-gaza-tank-tank-israel-tiba-tiba-ditarik-mundur,"Update Baru Gaza, Tank-Tank Israel Tiba-Tiba Ditarik Mundur"
https://www.cnbcindonesia.com/news/20240116133349-4-506267/genosida-israel-diseret-ke-mahkamah-internasional-begini-sikap-ri,"Genosida! Israel Diseret ke Mahkamah Internasional, Begini Sikap RI"
https://www.cnbcindonesia.com/news/20240116095350-4-506184/israel-menggila-bombardir-gaza-hamas-sebut-2-sandera-terbunuh,"Israel Menggila Bombardir Gaza, Hamas Sebut 2 Sandera Terbunuh"
https://www.cnbcindonesia.com/news/20240116075752-4-506145/israel-di-ambang-ledakan-politik-kejatuhan-netanyahu-menunggu-waktu,"Israel di Ambang 'Ledakan Politik', Kejatuhan Netanyahu Menunggu Waktu"
https://www.cnbcindonesia.com/news/20240116050802-4-506113/houthi-abaikan-gempuran-as-inggris-perluas-serangan-di-laut-merah,"Houthi Abaikan Gempuran AS-Inggris, Perluas Serangan di Laut Merah"
https://www.cnbcindonesia.com/news/20240115190155-4-506085/perang-gaza-korban-tewas-serangan-israel-24000-titah-baru-xi-jinping,Perang Gaza: Korban Tewas Serangan Israel 24.000-Titah Baru Xi Jinping
https://www.cnbcindonesia.com/news/20240115150234-4-505806/as-serang-houthi-di-yaman-biden-abaikan-suara-pemilih-arab-dan-muslim,"AS Serang Houthi di Yaman, Biden Abaikan Suara Pemilih Arab dan Muslim"
https://www.cnbcindonesia.com/news/20240115133743-8-505710/video-100-hari-serangan-israel-ke-palestina-23-ribu-orang-tewas,"Video: 100 Hari Serangan Israel Ke Palestina, 23 Ribu Orang Tewas"
https://www.cnbcindonesia.com/news/20240115130006-4-505704/ledakan-guncang-kilang-minyak-raksasa-israel-ulah-hamas-hizbullah,"Ledakan Guncang Kilang Minyak Raksasa Israel, Ulah Hamas-Hizbullah?"
https://www.cnbcindonesia.com/news/20240115092530-7-505609/potret-100-hari-perang-israel-hamas-neraka-baru-di-jalur-gaza,"Potret 100 Hari Perang Israel-Hamas, 'Neraka' Baru di Jalur Gaza!"
https://www.cnbcindonesia.com/news/20240115075840-4-505555/konflik-laut-merah-as-inggris-serbu-yaman-houthi-beri-warning-baru,"Konflik Laut Merah: AS-Inggris Serbu Yaman, Houthi Beri Warning Baru"
https://www.cnbcindonesia.com/news/20240115051052-4-505522/100-hari-perang-israel-hamas-jumlah-korban-terbaru-netanyahu-terdesak,100 Hari Perang Israel-Hamas: Jumlah Korban Terbaru-Netanyahu Terdesak
https://www.cnbcindonesia.com/news/20240113213033-7-505392/demo-besar-besaran-100-hari-perang-gaza-kedubes-as-digeruduk,"Demo Besar-Besaran 100 Hari Perang Gaza, Kedubes AS Digeruduk"
https://www.cnbcindonesia.com/news/20240112153550-4-505192/iran-bereaksi-as-inggris-bom-yaman-gempur-houthi-perang-makin-ngeri,"Iran Bereaksi AS-Inggris Bom Yaman Gempur Houthi, Perang Makin Ngeri?"
https://www.cnbcindonesia.com/news/20240112123218-8-505138/digugat-atas-genosida-gaza-ke-mahkamah-internasional-israel-dibela-as,"Digugat Atas Genosida Gaza ke Mahkamah Internasional, Israel Dibela AS"
https://www.cnbcindonesia.com/news/20240112081055-8-505039/video-sidang-perdana-israel-di-mahkamah-internasional-dimulai,Video: Sidang Perdana Israel Di Mahkamah Internasional Dimulai
https://www.cnbcindonesia.com/news/20240111190207-7-504937/potret-terkini-gaza-israel-serang-rs-al-aqsa,"Potret Terkini Gaza, Israel Serang RS Al-Aqsa"
https://www.cnbcindonesia.com/news/20240111185117-8-504936/videogenosida-gaza-israel-diseret-ke-mahkamah-internasional-hari-ini,"Video:Genosida Gaza, Israel Diseret ke Mahkamah Internasional Hari Ini"
https://www.cnbcindonesia.com/news/20240111185037-8-504934/video-genosida-israel-makin-nyata-12-warga-palestina-tewas,Video: Genosida Israel Makin Nyata! 12 Warga Palestina Tewas
https://www.cnbcindonesia.com/news/20240111104905-4-504714/genosida-gaza-israel-diseret-ke-mahkamah-internasional-hari-ini,"Genosida Gaza, Israel Diseret ke Mahkamah Internasional Hari Ini"
https://www.cnbcindonesia.com/news/20240111085951-4-504662/dk-pbb-adopsi-resolusi-tuntut-houthi-hentikan-kekerasan-di-laut-merah,DK PBB Adopsi Resolusi Tuntut Houthi Hentikan Kekerasan di Laut Merah
https://www.cnbcindonesia.com/news/20240111080656-8-504648/video-palestina-mesir-yordania-cegah-israel-usir-warga-gaza,"Video: Palestina, Mesir & Yordania Cegah Israel Usir Warga Gaza"
https://www.cnbcindonesia.com/news/20240111074939-8-504642/video-waswas-serangan-houthi-blinken-terbang-ke-bahrain,"Video: Waswas Serangan Houthi, Blinken Terbang Ke Bahrain"
https://www.cnbcindonesia.com/news/20240111071149-4-504629/utusan-biden-temui-presiden-palestina-usai-dari-israel-mau-apa,"Utusan Biden Temui Presiden Palestina Usai dari Israel, Mau Apa?"
https://www.cnbcindonesia.com/news/20240111062843-4-504620/perang-gaza-belum-berakhir-begini-ramalan-nasib-palestina,"Perang Gaza Belum Berakhir, Begini Ramalan Nasib Palestina!"
https://www.cnbcindonesia.com/news/20240111044252-4-504610/houthi-ngamuk-di-laut-merah-kirim-serangan-terbesar-pelayaran-lumpuh,"Houthi Ngamuk di Laut Merah, Kirim Serangan Terbesar-Pelayaran Lumpuh"
https://www.cnbcindonesia.com/news/20240110180757-4-504561/nah-lho-2-negara-ini-diramal-kena-krisis-ekonomi-di-2024,Nah Lho! 2 Negara Ini Diramal Kena Krisis Ekonomi di 2024
https://www.cnbcindonesia.com/news/20240110161019-4-504506/raja-salman-beri-respons-terbaru-israel-di-gaza-teriak-ini,"Raja Salman Beri Respons Terbaru Israel di Gaza, Teriak Ini"
https://www.cnbcindonesia.com/news/20240110143858-4-504469/semprot-israel-di-tel-aviv-utusan-biden-kini-temui-otoritas-palestina,"Semprot Israel di Tel Aviv, Utusan Biden Kini Temui Otoritas Palestina"
https://www.cnbcindonesia.com/news/20240110124316-4-504424/negara-muslim-tetangga-ri-dukung-gugatan-genosida-afsel-atas-israel,Negara Muslim-Tetangga RI Dukung Gugatan Genosida Afsel atas Israel
https://www.cnbcindonesia.com/lifestyle/20240110101102-33-504367/who-ratusan-pasien-dan-dokter-di-rs-gaza-menghilang,WHO: Ratusan Pasien dan Dokter di RS Gaza Menghilang
https://www.cnbcindonesia.com/news/20240110074513-8-504315/video-penampungan-di-gaza-kian-sesak-1-tenda-tampung-15-orang,"Video: Penampungan di Gaza Kian Sesak, 1 Tenda Tampung 15 Orang"
https://www.cnbcindonesia.com/news/20240110075539-4-504322/militer-israel-disebut-jarah-uang-dan-emas-di-jalur-gaza-ini-faktanya,"Militer Israel Disebut Jarah Uang dan Emas di Jalur Gaza, Ini Faktanya"
https://www.cnbcindonesia.com/news/20240110065829-4-504293/as-perang-gaza-harus-berakhir-beri-jaminan-hak-hak-politik-palestina,"AS: Perang Gaza Harus Berakhir, Beri Jaminan Hak-Hak Politik Palestina"
https://www.cnbcindonesia.com/news/20240110052040-4-504282/hizbullah-serang-pusat-komando-israel-bersiap-perang-skala-penuh,"Hizbullah Serang Pusat Komando Israel, Bersiap Perang Skala Penuh"
https://www.cnbcindonesia.com/news/20240109184355-4-504249/7-update-gaza-korut-bantu-hamas-hizbullah-balas-dendam-ke-israel,"7 Update Gaza, Korut Bantu Hamas-Hizbullah Balas Dendam ke Israel"
https://www.cnbcindonesia.com/news/20240109171256-4-504213/hamas-beri-pengumuman-mendesak-ke-negara-muslim-minta-lakukan-ini,"Hamas Beri Pengumuman Mendesak ke Negara Muslim, Minta Lakukan Ini"
https://www.cnbcindonesia.com/news/20240109124159-4-504082/mbz-dilaporkan-panas-ke-netanyahu-ada-apa-lagi-arab-israel,"MBZ Dilaporkan Panas ke Netanyahu, Ada Apa Lagi Arab-Israel?"
https://www.cnbcindonesia.com/news/20240109080325-8-503951/video-mantan-intel-israel-prediksi-perang-di-gaza-bakal-setahun,Video: Mantan Intel Israel Prediksi Perang Di Gaza Bakal Setahun
https://www.cnbcindonesia.com/news/20240109104930-4-504024/daftar-9-pemimpin-hamas-yang-dibunuh-israel,Daftar 9 Pemimpin Hamas yang Dibunuh Israel
https://www.cnbcindonesia.com/news/20240109073907-4-503948/militer-israel-mendadak-mundur-teratur-dari-gaza-utara-ada-apa,"Militer Israel Mendadak 'Mundur Teratur' dari Gaza Utara, Ada Apa?"
https://www.cnbcindonesia.com/news/20240108211418-7-503912/potret-bandara-lebanon-lumpuh-diserang-kelompok-anti-hizbullah,"Potret Bandara Lebanon Lumpuh, Diserang Kelompok Anti-Hizbullah"
https://www.cnbcindonesia.com/news/20240109052801-4-503926/israel-bunuh-pentolan-hamas-bombardir-proksi-iran-di-suriah,"Israel Bunuh Pentolan Hamas, Bombardir Proksi Iran di Suriah"
https://www.cnbcindonesia.com/news/20240108195651-4-503908/5-fakta-baru-perang-gaza-korban-menggunung-utusan-biden-cawe-cawe,"5 Fakta Baru Perang Gaza: Korban 'Menggunung', Utusan Biden Cawe-cawe"
https://www.cnbcindonesia.com/news/20240108163230-7-503841/potret-amukan-warga-israel-sebut-netanyahu-idiot-tuntut-mundur,"Potret Amukan Warga Israel, Sebut Netanyahu Idiot-Tuntut Mundur"
https://www.cnbcindonesia.com/news/20240108184916-4-503894/pejabat-israel-bocorkan-berapa-lama-perang-di-gaza-bisa-berlangsung,Pejabat Israel Bocorkan Berapa Lama Perang di Gaza Bisa Berlangsung
https://www.cnbcindonesia.com/news/20240108202423-4-503910/breaking-news-israel-bunuh-komandan-utama-hizbullah,Breaking News: Israel Bunuh Komandan Utama Hizbullah
