article_link,date_time,article_title
https://www.cnnindonesia.com/nasional/20231102094036-12-1019001/tni-siapkan-dua-pesawat-hercules-untuk-kirim-bantuan-ke-palestina,2025-02-24 15:03:36,TNI Siapkan Dua Pesawat Hercules untuk Kirim Bantuan ke Palestina
https://www.cnnindonesia.com/internasional/20231102093527-120-1018992/generator-utama-rs-indonesia-habis-sistem-oksigen-lemari-jenazah-mati,2025-02-24 15:03:36,"Generator Utama RS Indonesia Habis, Sistem Oksigen-Lemari Jenazah Mati"
https://www.cnnindonesia.com/gaya-hidup/20231102090221-284-1018966/doa-dan-tata-cara-doa-qunut-nazilah-untuk-palestina,2025-02-24 15:03:36,Doa dan Tata Cara Doa Qunut Nazilah untuk Palestina
https://www.cnnindonesia.com/internasional/20231102091506-120-1018970/ramai-pakai-gambar-semangka-untuk-dukung-palestina-apa-artinya,2025-02-24 15:03:36,"Ramai Pakai Gambar Semangka untuk Dukung Palestina, Apa Artinya?"
https://www.cnnindonesia.com/tv/20231101213929-404-1018867/video-jerit-tangis-warga-palestina-kehilangan-keluarga,2025-02-24 15:03:36,VIDEO: Jerit Tangis Warga Palestina Kehilangan Keluarga
https://www.cnnindonesia.com/internasional/20231102073724-120-1018930/barat-buang-muka-dari-palestina-apa-yang-bisa-negara-muslim-lakukan,2025-02-24 15:03:36,"Barat Buang Muka dari Palestina, Apa yang Bisa Negara Muslim Lakukan?"
https://www.cnnindonesia.com/tv/20231101190535-404-1018815/video-serangan-israel-ke-kamp-pengungsi-nuseirat-puluhan-warga-tewas,2025-02-24 15:03:36,"VIDEO: Serangan Israel ke Kamp Pengungsi Nuseirat, Puluhan Warga Tewas"
https://www.cnnindonesia.com/ekonomi/20231101142052-92-1018653/peringatan-bps-soal-gejolak-harga-minyak-buntut-perang-israel-hamas,2025-02-24 15:03:36,Peringatan BPS soal Gejolak Harga Minyak Buntut Perang Israel-Hamas
https://www.cnnindonesia.com/nasional/20231102000955-20-1018879/jk-serukan-qunut-nazilah-untuk-dukung-palestina,2025-02-24 15:03:36,JK Serukan Qunut Nazilah untuk Dukung Palestina
https://www.cnnindonesia.com/internasional/20231101203044-120-1018853/kesaksian-relawan-di-rs-ri-di-gaza-ambulans-bolak-balik-bawa-jenazah,2025-02-24 15:03:36,Kesaksian Relawan di RS RI di Gaza: Ambulans Bolak-balik Bawa Jenazah
https://www.cnnindonesia.com/internasional/20231102012842-120-1018884/tentara-israel-tembaki-wanita-dan-anak-gaza-yang-tengah-mengantre-roti,2025-02-24 15:03:45,Tentara Israel Tembaki Wanita dan Anak Gaza yang Tengah Mengantre Roti
https://www.cnnindonesia.com/internasional/20231101225555-120-1018876/israel-akui-serangan-bom-di-kamp-pengungsian-target-kami-hamas,2025-02-24 15:03:45,Israel Akui Serangan Bom di Kamp Pengungsian: Target Kami Hamas
https://www.cnnindonesia.com/internasional/20231101202741-124-1018852/video-detik-detik-evakuasi-warga-gaza-usai-perbatasan-rafah-dibuka,2025-02-24 15:03:45,VIDEO: Detik-detik Evakuasi Warga Gaza usai Perbatasan Rafah Dibuka
https://www.cnnindonesia.com/internasional/20231101201942-106-1018850/respons-kemlu-ri-soal-rs-indonesia-di-gaza-kekurangan-staf-medis,2025-02-24 15:03:45,Respons Kemlu RI soal RS Indonesia di Gaza Kekurangan Staf Medis
https://www.cnnindonesia.com/internasional/20231101200234-120-1018846/pemimpin-tertinggi-iran-desak-negara-muslim-boikot-israel,2025-02-24 15:03:45,Pemimpin Tertinggi Iran Desak Negara Muslim Boikot Israel
https://www.cnnindonesia.com/nasional/20231101192701-20-1018828/muhammadiyah-kirim-bantuan-rp13-miliar-untuk-palestina,2025-02-24 15:03:45,Muhammadiyah Kirim Bantuan Rp13 Miliar untuk Palestina
https://www.cnnindonesia.com/internasional/20231101190315-106-1018812/ri-kirim-bantuan-makanan-hingga-obat-obatan-ke-gaza-pekan-ini,2025-02-24 15:03:45,RI Kirim Bantuan Makanan hingga Obat-obatan ke Gaza Pekan Ini
https://www.cnnindonesia.com/tv/20231101163709-407-1018742/video-menlu-retno-ungkap-kekecewaan-ke-dk-pbb-soal-perang-di-gaza,2025-02-24 15:03:45,VIDEO: Menlu Retno Ungkap Kekecewaan Ke DK PBB Soal Perang Di Gaza
https://www.cnnindonesia.com/internasional/20231101143143-120-1018658/anak-tewas-di-gaza-lampaui-jumlah-korban-di-zona-konflik-dunia,2025-02-24 15:03:45,Anak Tewas di Gaza Lampaui Jumlah Korban di Zona Konflik Dunia
https://www.cnnindonesia.com/internasional/20231101154822-120-1018708/rs-indonesia-di-gaza-terancam-kolaps-listrik-padam-dalam-48-jam,2025-02-24 15:03:45,RS Indonesia di Gaza Terancam Kolaps-Listrik Padam dalam 48 Jam
https://www.cnnindonesia.com/hiburan/20231101153108-234-1018729/aldi-taher-beri-sumbangan-untuk-palestina-dari-honor-syuting,2025-02-24 15:03:53,Aldi Taher Beri Sumbangan untuk Palestina dari Honor Syuting
https://www.cnnindonesia.com/internasional/20231101153428-120-1018698/perbatasan-rafah-dibuka-ratusan-wn-asing-bakal-dievakuasi-dari-gaza,2025-02-24 15:03:53,"Perbatasan Rafah Dibuka, Ratusan WN Asing Bakal Dievakuasi dari Gaza"
https://www.cnnindonesia.com/internasional/20231101130706-120-1018599/negara-arab-kutuk-serangan-israel-di-kamp-jabalia-tak-manusiawi,2025-02-24 15:03:53,Negara Arab Kutuk Serangan Israel di Kamp Jabalia: Tak Manusiawi
https://www.cnnindonesia.com/internasional/20231101132829-134-1018613/gagal-cegah-genosida-di-palestina-direktur-ham-pbb-mundur,2025-02-24 15:03:53,"Gagal Cegah Genosida di Palestina, Direktur HAM PBB Mundur"
https://www.cnnindonesia.com/internasional/20231101123421-120-1018571/usai-kamp-pengungsi-diserang-jalur-komunikasi-di-gaza-kembali-lumpuh,2025-02-24 15:03:53,"Usai Kamp Pengungsi Diserang, Jalur Komunikasi di Gaza Kembali Lumpuh"
https://www.cnnindonesia.com/internasional/20231101081622-124-1018414/video-houthi-yaman-luncurkan-rentetan-rudal-balistik-serang-israel,2025-02-24 15:03:53,VIDEO: Houthi Yaman Luncurkan Rentetan Rudal Balistik Serang Israel
https://www.cnnindonesia.com/internasional/20231101104709-134-1018482/pedemo-pro-palestina-terobos-rapat-kongres-as-setop-danai-genosida,2025-02-24 15:03:53,Pedemo Pro-Palestina Terobos Rapat Kongres AS: Setop Danai Genosida
https://www.cnnindonesia.com/hiburan/20231101101942-234-1018461/selena-gomez-dikritik-netizen-usai-rehat-medsos-akibat-ada-perang,2025-02-24 15:03:53,Selena Gomez Dikritik Netizen Usai Rehat Medsos akibat Ada Perang
https://www.cnnindonesia.com/internasional/20231031172047-120-1018228/kenapa-as-selalu-jadi-sekutu-setia-israel,2025-02-24 15:03:53,Kenapa AS Selalu jadi Sekutu Setia Israel?
https://www.cnnindonesia.com/tv/20231031135138-407-1018118/video-pbnu-hentikan-kekerasan-dan-ketidakadilan-di-gaza,2025-02-24 15:03:53,VIDEO: PBNU: Hentikan Kekerasan dan Ketidakadilan di Gaza
https://www.cnnindonesia.com/internasional/20231031201228-120-1018308/who-bencana-kesehatan-sedang-mengintai-masyarakat-gaza,2025-02-24 15:04:01,WHO: Bencana Kesehatan sedang Mengintai Masyarakat Gaza
https://www.cnnindonesia.com/internasional/20231031192517-120-1018292/milisi-houthi-yaman-mulai-ikut-serang-israel-pakai-drone,2025-02-24 15:04:01,Milisi Houthi Yaman Mulai Ikut Serang Israel Pakai Drone
https://www.cnnindonesia.com/internasional/20231101024814-120-1018351/mesir-buka-perbatasan-rafah-siap-tampung-warga-palestina-yang-terluka,2025-02-24 15:04:01,"Mesir Buka Perbatasan Rafah, Siap Tampung Warga Palestina yang Terluka"
https://www.cnnindonesia.com/nasional/20231031175158-32-1018252/pks-interupsi-soal-kejahatan-israel-di-palestina-kala-rapat-paripurna,2025-02-24 15:04:01,PKS Interupsi soal Kejahatan Israel di Palestina Kala Rapat Paripurna
https://www.cnnindonesia.com/internasional/20231031122507-120-1018076/menlu-palestina-mohon-ke-dk-pbb-selamatkan-gaza,2025-02-24 15:04:01,Menlu Palestina Mohon ke DK PBB: Selamatkan Gaza
https://www.cnnindonesia.com/internasional/20231031154132-120-1018174/rs-indonesia-di-gaza-tampung-2000-warga-saat-perang-israel-hamas,2025-02-24 15:04:01,RS Indonesia di Gaza Tampung 2000 Warga saat Perang Israel-Hamas
https://www.cnnindonesia.com/internasional/20231031181312-120-1018253/rumah-komandan-senior-hamas-di-tepi-barat-diratakan-militer-israel,2025-02-24 15:04:01,Rumah Komandan Senior Hamas di Tepi Barat Diratakan Militer Israel
https://www.cnnindonesia.com/tv/20231031171235-407-1018224/video-anggota-dpr-kompak-pakai-syal-palestina-saat-rapat-paripurna,2025-02-24 15:04:01,VIDEO: Anggota DPR Kompak Pakai Syal Palestina Saat Rapat Paripurna
https://www.cnnindonesia.com/internasional/20231031165040-124-1018213/video-detik-detik-tank-israel-tembak-mobil-sipil-di-gaza,2025-02-24 15:04:01,VIDEO: Detik-detik Tank Israel Tembak Mobil Sipil di Gaza
https://www.cnnindonesia.com/tv/20231031164720-401-1018211/video-momen-suar-senjata-israel-penuhi-langit-gaza,2025-02-24 15:04:01,VIDEO: Momen Suar Senjata Israel Penuhi Langit Gaza
https://www.cnnindonesia.com/tv/20231031174437-404-1018241/video-cemas-nasib-keluarga-di-gaza,2025-02-24 15:04:09,VIDEO: Cemas Nasib Keluarga di Gaza
https://www.cnnindonesia.com/internasional/20231031104914-122-1018009/foto-kepung-gaza-israel-lancarkan-serbuan-darat-dari-2-arah,2025-02-24 15:04:09,"FOTO: Kepung Gaza, Israel Lancarkan Serbuan Darat dari 2 Arah"
https://www.cnnindonesia.com/tv/20231031162613-401-1018198/video-viral-tank-israel-tembak-sebuah-mobil-di-jalanan,2025-02-24 15:04:09,"VIDEO: Viral, Tank Israel Tembak Sebuah Mobil Di Jalanan"
https://www.cnnindonesia.com/internasional/20231031163013-120-1018200/warga-gaza-dekat-rs-indonesia-panik-berhamburan-usai-serangan-israel,2025-02-24 15:04:09,Warga Gaza Dekat RS Indonesia Panik Berhamburan usai Serangan Israel
https://www.cnnindonesia.com/tv/20231031154825-401-1018181/video-setelah-gaza-israel-bombardir-wilayah-tepi-barat-4-tewas,2025-02-24 15:04:09,"VIDEO: Setelah Gaza, Israel Bombardir Wilayah Tepi Barat, 4 Tewas"
https://www.cnnindonesia.com/internasional/20231031150715-120-1018154/kota-utama-gaza-mulai-dikepung-militer-israel-dari-dua-arah,2025-02-24 15:04:09,Kota Utama Gaza Mulai Dikepung Militer Israel dari Dua Arah
https://www.cnnindonesia.com/tv/20231031142854-401-1018136/video-penampakan-gaza-akibat-serangan-israel-senin-30-oktober,2025-02-24 15:04:09,VIDEO: Penampakan Gaza Akibat Serangan Israel Senin 30 Oktober
https://www.cnnindonesia.com/internasional/20231031135227-120-1018121/penyintas-holocaust-saya-dan-banyak-orang-yahudi-menentang-israel,2025-02-24 15:04:09,Penyintas Holocaust: Saya dan Banyak Orang Yahudi Menentang Israel
https://www.cnnindonesia.com/internasional/20231031131814-120-1018103/rs-indonesia-di-gaza-kewalahan-tampung-korban-serangan-israel,2025-02-24 15:04:09,RS Indonesia di Gaza Kewalahan Tampung Korban Serangan Israel
https://www.cnnindonesia.com/nasional/20231031103037-32-1018003/ratusan-anggota-dpr-kompak-pakai-syal-palestina-saat-rapat-paripurna,2025-02-24 15:04:09,Ratusan Anggota DPR Kompak Pakai Syal Palestina saat Rapat Paripurna
https://www.cnnindonesia.com/internasional/20231031084035-120-1017958/kenapa-iran-selalu-dituding-barat-ikut-ikutan-perang-hamas-vs-israel,2025-02-24 15:04:17,Kenapa Iran Selalu Dituding Barat Ikut-ikutan Perang Hamas vs Israel?
https://www.cnnindonesia.com/ekonomi/20231031081720-85-1017955/harga-minyak-perkasa-jelang-pengumuman-kebijakan-bank-sentral-dunia,2025-02-24 15:04:17,Harga Minyak Perkasa Jelang Pengumuman Kebijakan Bank Sentral Dunia
https://www.cnnindonesia.com/internasional/20231030205415-120-1017892/rs-indonesia-di-gaza-kewalahan-rawat-pasien-di-tengah-blokade-israel,2025-02-24 15:04:17,RS Indonesia di Gaza Kewalahan Rawat Pasien di Tengah Blokade Israel
https://www.cnnindonesia.com/internasional/20231030201654-120-1017882/israel-tambah-tank-ke-dekat-gaza-serang-hamas-600-kali-dalam-24-jam,2025-02-24 15:04:17,"Israel Tambah Tank ke Dekat Gaza, Serang Hamas 600 Kali dalam 24 Jam"
https://www.cnnindonesia.com/internasional/20231030223902-120-1017901/kondisi-rumah-sakit-indonesia-di-gaza-tim-medis-bekerja-dalam-gelap,2025-02-24 15:04:17,Kondisi Rumah Sakit Indonesia di Gaza: Tim Medis Bekerja dalam Gelap
https://www.cnnindonesia.com/tv/20231030175431-401-1017817/video-23-hari-konflik-israel-palestina-9500-orang-tewas,2025-02-24 15:04:17,"VIDEO: 23 Hari Konflik Israel-Palestina, 9.500 Orang Tewas"
https://www.cnnindonesia.com/internasional/20231030195151-106-1017875/jokowi-desak-gencatan-senjata-segera-di-gaza,2025-02-24 15:04:17,Jokowi Desak Gencatan Senjata Segera di Gaza
https://www.cnnindonesia.com/internasional/20231030175928-106-1017820/jokowi-sebut-perang-di-gaza-serangan-acak-terhadap-sipil,2025-02-24 15:04:17,Jokowi Sebut Perang di Gaza Serangan Acak Terhadap Sipil
https://www.cnnindonesia.com/internasional/20231030174827-106-1017815/ri-kirim-bantuan-kemanusiaan-kloter-pertama-ke-gaza-pekan-ini,2025-02-24 15:04:17,RI Kirim Bantuan Kemanusiaan Kloter Pertama ke Gaza Pekan Ini
https://www.cnnindonesia.com/internasional/20231030144645-122-1017710/foto-24-hari-israel-jatuhkan-hawa-neraka-di-gaza-7960-orang-tewas,2025-02-24 15:04:17,"FOTO: 24 Hari Israel Jatuhkan 'Hawa Neraka' di Gaza, 7.960 Orang Tewas"
https://www.cnnindonesia.com/internasional/20231030165255-134-1017788/as-dukung-israel-warga-amerika-arab-ogah-pilih-biden-di-pilpres-2024,2025-02-24 15:04:25,"AS Dukung Israel, Warga Amerika-Arab Ogah Pilih Biden di Pilpres 2024"
https://www.cnnindonesia.com/internasional/20231030143405-120-1017700/menhan-saudi-akan-temui-pejabat-as-di-tengah-perang-hamas-israel,2025-02-24 15:04:25,Menhan Saudi Akan Temui Pejabat AS di Tengah Perang Hamas-Israel
https://www.cnnindonesia.com/internasional/20231030140442-120-1017677/2-poin-resolusi-pbb-soal-gaza-yang-disambut-palestina-ditolak-israel,2025-02-24 15:04:25,"2 Poin Resolusi PBB soal Gaza yang Disambut Palestina, Ditolak Israel"
https://www.cnnindonesia.com/ekonomi/20231030142608-532-1017695/jokowi-pusing-gegara-perang-israel-hamas-waspadai-harga-minyak-naik,2025-02-24 15:04:25,"Jokowi Pusing Gegara Perang Israel-Hamas, Waspadai Harga Minyak Naik"
https://www.cnnindonesia.com/internasional/20231030130327-134-1017640/norwegia-sebut-israel-sudah-kebablasan-di-jalur-gaza,2025-02-24 15:04:25,Norwegia Sebut Israel Sudah Kebablasan di Jalur Gaza
https://www.cnnindonesia.com/internasional/20231030132849-124-1017657/video-detik-detik-plafon-rs-indonesia-di-gaza-ambruk-diserang-israel,2025-02-24 15:04:25,VIDEO: Detik-detik Plafon RS Indonesia di Gaza Ambruk Diserang Israel
https://www.cnnindonesia.com/tv/20231030124439-405-1017634/video-mahmoud-abbas-palestina-hadapi-genosida,2025-02-24 15:04:25,VIDEO: Mahmoud Abbas: Palestina Hadapi Genosida
https://www.cnnindonesia.com/internasional/20231030130528-120-1017643/derita-wanita-hamil-dan-bayi-di-gaza-minum-air-asin-gegara-israel,2025-02-24 15:04:25,Derita Wanita Hamil dan Bayi di Gaza Minum Air Asin Gegara Israel
https://www.cnnindonesia.com/hiburan/20231030104517-234-1017577/angelina-jolie-tuai-hujatan-usai-komentar-soal-hamas-vs-israel,2025-02-24 15:04:25,Angelina Jolie Tuai Hujatan Usai Komentar Soal Hamas vs Israel
https://www.cnnindonesia.com/tv/20231030103830-405-1017570/video-serangan-tak-kunjung-berhenti-di-jalur-gaza,2025-02-24 15:04:25,VIDEO: Serangan Tak Kunjung Berhenti Di Jalur Gaza
https://www.cnnindonesia.com/tv/20231030105204-405-1017576/video-cari-perlindungan-warga-tinggal-di-rumah-sakit,2025-02-24 15:04:34,"VIDEO: Cari Perlindungan, Warga Tinggal Di Rumah Sakit"
https://www.cnnindonesia.com/internasional/20231030115819-120-1017611/hamas-klaim-bertempur-sengit-bikin-pasukan-israel-kelabakan-di-gaza,2025-02-24 15:04:34,Hamas Klaim Bertempur Sengit Bikin Pasukan Israel Kelabakan di Gaza
https://www.cnnindonesia.com/tv/20231030103119-405-1017568/video-penampakan-kerusakan-akibat-serangan-udara-israel,2025-02-24 15:04:34,VIDEO: Penampakan Kerusakan Akibat Serangan Udara Israel
https://www.cnnindonesia.com/tv/20231030100732-405-1017557/video-lebih-dari-9500-jiwa-jadi-korban-konflik-palestina-israel,2025-02-24 15:04:34,VIDEO: Lebih Dari 9.500 Jiwa Jadi Korban Konflik Palestina-Israel
https://www.cnnindonesia.com/internasional/20231030101022-120-1017558/update-perang-hamas-vs-israel-9521-orang-tewas-gaza-makin-sekarat,2025-02-24 15:04:34,"Update Perang Hamas vs Israel: 9.521 Orang Tewas, Gaza Makin 'Sekarat'"
https://www.cnnindonesia.com/internasional/20231030092014-124-1017519/video-israel-perintahkan-pengosongan-rs-al-quds-di-jalur-gaza,2025-02-24 15:04:34,VIDEO: Israel Perintahkan Pengosongan RS Al Quds di Jalur Gaza
https://www.cnnindonesia.com/nasional/20231030092309-20-1017522/munarman-yang-saya-alami-tak-sebanding-penderitaan-di-palestina,2025-02-24 15:04:34,Munarman: Yang Saya Alami Tak Sebanding Penderitaan di Palestina
https://www.cnnindonesia.com/internasional/20231030092758-120-1017523/iran-kode-bakal-balas-gempuran-ke-gaza-israel-sudah-kelewat-batas,2025-02-24 15:04:34,Iran 'Kode' Bakal Balas Gempuran ke Gaza: Israel Sudah Kelewat Batas
https://www.cnnindonesia.com/internasional/20231030080647-120-1017482/israel-terus-gempur-palestina-50-mobil-militer-serbu-rs-di-tepi-barat,2025-02-24 15:04:34,"Israel Terus Gempur Palestina, 50 Mobil Militer Serbu RS di Tepi Barat"
https://www.cnnindonesia.com/internasional/20231030032030-134-1017426/digeruduk-massa-pro-palestina-rusia-tutup-bandara-dagestan,2025-02-24 15:04:34,"Digeruduk Massa Pro-Palestina, Rusia Tutup Bandara Dagestan"
https://www.cnnindonesia.com/internasional/20231029215430-120-1017407/serangan-udara-israel-kembali-hantam-sekitar-area-rs-al-quds,2025-02-24 15:04:42,Serangan Udara Israel Kembali Hantam Sekitar Area RS Al Quds
https://www.cnnindonesia.com/tv/20231029205202-407-1017403/video-israel-terus-lancarkan-serangan-ke-gaza,2025-02-24 15:04:42,VIDEO: Israel Terus Lancarkan Serangan ke Gaza
https://www.cnnindonesia.com/internasional/20231029163319-120-1017351/krisis-kian-parah-warga-gaza-mulai-ambil-paksa-makanan-di-gudang-pbb,2025-02-24 15:04:42,"Krisis Kian Parah, Warga Gaza Mulai Ambil Paksa Makanan di Gudang PBB"
https://www.cnnindonesia.com/internasional/20231029160119-120-1017347/mati-selama-hampir-dua-hari-jaringan-internet-di-gaza-berangsur-pulih,2025-02-24 15:04:42,"Mati Selama Hampir Dua Hari, Jaringan Internet di Gaza Berangsur Pulih"
https://www.cnnindonesia.com/internasional/20231029151125-122-1017331/foto-tak-ada-icu-kosong-di-gaza,2025-02-24 15:04:42,FOTO: Tak Ada ICU Kosong di Gaza
https://www.cnnindonesia.com/internasional/20231029144750-124-1017326/video-kisah-warga-palestina-pernikahan-batal-imbas-perang,2025-02-24 15:04:42,VIDEO: Kisah Warga Palestina Pernikahan Batal Imbas Perang
https://www.cnnindonesia.com/internasional/20231029150327-120-1017330/korban-tewas-di-palestina-bertambah-dari-west-bank-hingga-khan-younis,2025-02-24 15:04:42,"Korban Tewas di Palestina Bertambah, Dari West Bank hingga Khan Younis"
https://www.cnnindonesia.com/tv/20231029154138-405-1017345/video-mahmoud-abbas-palestina-hadapi-genosida,2025-02-24 15:04:42,VIDEO: Mahmoud Abbas: Palestina Hadapi Genosida
https://www.cnnindonesia.com/internasional/20231029122640-120-1017285/israel-bakal-lawan-upaya-elon-musk-beri-akses-starlink-di-gaza,2025-02-24 15:04:42,Israel Bakal Lawan Upaya Elon Musk Beri Akses Starlink di Gaza
https://www.cnnindonesia.com/internasional/20231029100330-120-1017241/komite-palang-merah-internasional-sebut-perang-di-gaza-kegagalan-besar,2025-02-24 15:04:42,Komite Palang Merah Internasional Sebut Perang di Gaza Kegagalan Besar
https://www.cnnindonesia.com/internasional/20231028233912-120-1017177/daftar-negara-yang-kirim-bantuan-ke-gaza-di-tengah-perang,2025-02-24 15:04:48,Daftar Negara yang Kirim Bantuan ke Gaza di Tengah Perang
https://www.cnnindonesia.com/teknologi/20231027065838-199-1016534/ahli-ungkap-agama-bukan-sumber-kekerasan-termasuk-di-palestina,2025-02-24 15:04:48,"Ahli Ungkap Agama Bukan Sumber Kekerasan, Termasuk di Palestina"
https://www.cnnindonesia.com/internasional/20231029015621-120-1017186/erdogan-turki-siap-nyatakan-israel-penjahat-perang,2025-02-24 15:04:48,Erdogan: Turki Siap Nyatakan Israel Penjahat Perang
https://www.cnnindonesia.com/internasional/20231029030239-120-1017189/netanyahu-pastikan-perang-lawan-hamas-di-gaza-bakal-berlangsung-lama,2025-02-24 15:04:48,Netanyahu Pastikan Perang Lawan Hamas di Gaza Bakal Berlangsung Lama
https://www.cnnindonesia.com/internasional/20231029010839-120-1017183/netanyahu-tujuan-perang-menghancurkan-hamas-dan-bebaskan-sandera,2025-02-24 15:04:48,Netanyahu: Tujuan Perang Menghancurkan Hamas dan Bebaskan Sandera
https://www.cnnindonesia.com/internasional/20231029002514-120-1017179/markas-pbb-di-lebanon-kembali-dihantam-mortir-diduga-dari-israel,2025-02-24 15:04:48,"Markas PBB di Lebanon Kembali Dihantam Mortir, Diduga dari Israel"
https://www.cnnindonesia.com/internasional/20231028233252-120-1017175/hamas-janji-bebaskan-sandera-minta-israel-lepaskan-tahanan-palestina,2025-02-24 15:04:48,"Hamas Janji Bebaskan Sandera, Minta Israel Lepaskan Tahanan Palestina"
https://www.cnnindonesia.com/internasional/20231028224004-120-1017171/komunikasi-terputus-3-relawan-mer-c-indonesia-hilang-kontak-di-gaza,2025-02-24 15:04:48,"Komunikasi Terputus, 3 Relawan MER-C Indonesia Hilang Kontak di Gaza"
https://www.cnnindonesia.com/internasional/20231028220458-120-1017170/who-nakes-hingga-warga-gaza-bermalam-dalam-kegelapan-dan-ketakutan,2025-02-24 15:04:48,WHO: Nakes Hingga Warga Gaza Bermalam Dalam Kegelapan dan Ketakutan
https://www.cnnindonesia.com/internasional/20231028205518-120-1017161/israel-masuki-fase-baru-perang-di-gaza-ogah-setop-gempuran,2025-02-24 15:04:48,"Israel Masuki Fase Baru Perang di Gaza, Ogah Setop Gempuran"
https://www.cnnindonesia.com/internasional/20231028161905-120-1017103/sekjen-pbb-sistem-kemanusiaan-di-gaza-di-ambang-kehancuran-total,2025-02-24 15:04:55,Sekjen PBB: Sistem Kemanusiaan di Gaza di Ambang Kehancuran Total
https://www.cnnindonesia.com/internasional/20231028164909-120-1017116/update-gaza-serangan-israel-hancurkan-ratusan-bangunan-ribuan-rusak,2025-02-24 15:04:55,"Update Gaza: Serangan Israel Hancurkan Ratusan Bangunan, Ribuan Rusak"
https://www.cnnindonesia.com/internasional/20231028120457-134-1017033/prancis-dukung-gencatan-senjata-usai-tolak-usul-rusia-di-dk,2025-02-24 15:04:55,Prancis Dukung Gencatan Senjata Usai Tolak Usul Rusia di DK
https://www.cnnindonesia.com/internasional/20231028155343-120-1017084/kesaksian-dari-gaza-saat-komunikasi-lumpuh-bom-dari-langit-dan-darat,2025-02-24 15:04:55,Kesaksian dari Gaza saat Komunikasi Lumpuh: Bom dari Langit dan Darat
https://www.cnnindonesia.com/internasional/20231028144046-134-1017071/terkait-israel-vs-hamas-as-minta-warganya-segera-tinggalkan-lebanon,2025-02-24 15:04:55,"Terkait Israel vs Hamas, AS Minta Warganya Segera Tinggalkan Lebanon"
https://www.cnnindonesia.com/internasional/20231028151345-120-1017079/banyak-korban-sipil-erdogan-desak-israel-setop-kegilaan-gempur-gaza,2025-02-24 15:04:55,"Banyak Korban Sipil, Erdogan Desak Israel Setop Kegilaan Gempur Gaza"
https://www.cnnindonesia.com/internasional/20231028150829-120-1017078/lebih-dari-10-jam-who-masih-tak-bisa-kontak-staf-di-gaza,2025-02-24 15:04:55,"Lebih dari 10 Jam, WHO Masih Tak Bisa Kontak Staf di Gaza"
https://www.cnnindonesia.com/internasional/20231028143109-120-1017068/israel-tak-bisa-menjamin-keselamatan-wartawan-di-gaza,2025-02-24 15:04:55,Israel Tak Bisa Menjamin Keselamatan Wartawan di Gaza
https://www.cnnindonesia.com/internasional/20231028123104-139-1017043/video-duduki-stasiun-warga-yahudi-aksi-bela-palestina-di-new-york,2025-02-24 15:04:55,"VIDEO: Duduki Stasiun, Warga Yahudi Aksi Bela Palestina di New York"
https://www.cnnindonesia.com/internasional/20231028122736-120-1017044/israel-klaim-tewaskan-komandan-hamas-terkait-serangan-7-oktober,2025-02-24 15:04:55,Israel Klaim Tewaskan Komandan Hamas Terkait Serangan 7 Oktober
https://www.cnnindonesia.com/internasional/20231028124159-134-1017046/ratusan-warga-yahudi-ditangkap-saat-aksi-bela-palestina-di-new-york,2025-02-24 15:05:01,Ratusan Warga Yahudi Ditangkap saat Aksi Bela Palestina di New York
https://www.cnnindonesia.com/tv/20231026183923-401-1016437/video-israel-lenyapkan-toko-roti-satu-satunya-di-gaza,2025-02-24 15:05:01,VIDEO: Israel Lenyapkan Toko Roti Satu-Satunya Di Gaza
https://www.cnnindonesia.com/internasional/20231028101829-136-1017003/foto-ratusan-massa-gelar-aksi-dukung-palestina-di-new-york,2025-02-24 15:05:01,FOTO: Ratusan Massa Gelar Aksi Dukung Palestina di New York
https://www.cnnindonesia.com/internasional/20231028110756-117-1017024/video-polisi-tahan-puluhan-massa-aksi-bela-palestina-di-india,2025-02-24 15:05:01,VIDEO: Polisi Tahan Puluhan Massa Aksi Bela Palestina di India
https://www.cnnindonesia.com/internasional/20231028111142-106-1017026/indonesia-sambut-baik-resolusi-pbb-soal-gencatan-senjata-di-gaza,2025-02-24 15:05:01,Indonesia Sambut Baik Resolusi PBB soal Gencatan Senjata di Gaza
https://www.cnnindonesia.com/internasional/20231028100316-124-1017001/video-detik-detik-bom-israel-hantam-gaza-jumat-malam,2025-02-24 15:05:01,VIDEO: Detik-detik Bom Israel Hantam Gaza Jumat Malam
https://www.cnnindonesia.com/internasional/20231028101841-120-1017011/israel-serang-gaza-via-darat-jalur-komunikasi-masih-putus-total,2025-02-24 15:05:01,"Israel Serang Gaza via Darat, Jalur Komunikasi Masih Putus Total"
https://www.cnnindonesia.com/nasional/20231028095854-22-1016991/foto-gemuruh-ribuan-massa-aksi-bela-palestina-di-kedubes-as-jakarta,2025-02-24 15:05:01,FOTO: Gemuruh Ribuan Massa Aksi Bela Palestina di Kedubes AS Jakarta
https://www.cnnindonesia.com/nasional/20231028095746-20-1016989/ribuan-orang-aksi-dukung-palestina-di-depan-kedubes-as-di-jakarta,2025-02-24 15:05:01,Ribuan Orang Aksi Dukung Palestina di Depan Kedubes AS di Jakarta
https://www.cnnindonesia.com/internasional/20231028084819-120-1016981/korban-tewas-perang-israel-hamas-8700-jiwa-termasuk-3-ribu-anak-gaza,2025-02-24 15:05:01,"Korban Tewas Perang Israel-Hamas 8.700 Jiwa, Termasuk 3 Ribu Anak Gaza"
https://www.cnnindonesia.com/internasional/20231028081041-120-1016977/lagi-israel-bom-kawasan-dekat-rs-indonesia-dan-al-shifa-di-gaza,2025-02-24 15:05:08,"Lagi, Israel Bom Kawasan Dekat RS Indonesia dan Al Shifa di Gaza"
https://www.cnnindonesia.com/internasional/20231028072544-120-1016974/staf-who-unicef-hilang-kontak-di-gaza-usai-komunikasi-mati-total,2025-02-24 15:05:08,Staf WHO-UNICEF Hilang Kontak di Gaza Usai Komunikasi Mati Total
https://www.cnnindonesia.com/internasional/20231028060412-120-1016970/sambutan-hangat-hamas-dan-amarah-israel-soal-resolusi-pbb-untuk-gaza,2025-02-24 15:05:08,Sambutan Hangat Hamas dan Amarah Israel Soal Resolusi PBB untuk Gaza
https://www.cnnindonesia.com/internasional/20231028052302-120-1016968/hamas-israel-lancarkan-serangan-darat-di-wilayah-utara-dan-tengah,2025-02-24 15:05:08,Hamas: Israel Lancarkan Serangan Darat di Wilayah Utara dan Tengah
https://www.cnnindonesia.com/internasional/20231028045843-120-1016967/israel-kecam-resolusi-konflik-gaza-hari-kelam-bagi-pbb-dan-manusia,2025-02-24 15:05:08,Israel Kecam Resolusi Konflik Gaza: Hari Kelam bagi PBB dan Manusia
https://www.cnnindonesia.com/internasional/20231028035009-120-1016965/hamas-klaim-sudah-siap-lawan-invasi-darat-israel-di-gaza,2025-02-24 15:05:08,Hamas Klaim Sudah Siap Lawan Invasi Darat Israel di Gaza
https://www.cnnindonesia.com/internasional/20231028033053-134-1016964/pbb-setuju-resolusi-gencatan-senjata-kemanusiaan-di-gaza,2025-02-24 15:05:08,PBB Setuju Resolusi Gencatan Senjata Kemanusiaan di Gaza
https://www.cnnindonesia.com/internasional/20231028011444-120-1016952/israel-indikasikan-invasi-darat-usai-gempur-gaza-utara,2025-02-24 15:05:08,Israel Indikasikan Invasi Darat Usai Gempur Gaza Utara
https://www.cnnindonesia.com/internasional/20231028004104-120-1016950/hamas-israel-putus-jalur-komunikasi-dan-banyak-internet-di-gaza,2025-02-24 15:05:08,Hamas: Israel Putus Jalur Komunikasi dan Banyak Internet di Gaza
https://www.cnnindonesia.com/internasional/20231027231518-120-1016944/israel-tuding-hamas-pakai-rumah-sakit-untuk-operasi-militer,2025-02-24 15:05:08,Israel Tuding Hamas Pakai Rumah Sakit untuk Operasi Militer
https://www.cnnindonesia.com/internasional/20231027220630-120-1016940/pbb-soroti-potensi-korban-blokir-di-gaza-jelang-21-hari-israel-hamas,2025-02-24 15:05:14,PBB Soroti Potensi Korban Blokir di Gaza Jelang 21 Hari Israel-Hamas
https://www.cnnindonesia.com/internasional/20231027200753-120-1016911/hamas-ogah-lepas-sandera-israel-sebelum-gencatan-senjata,2025-02-24 15:05:14,Hamas Ogah Lepas Sandera Israel sebelum Gencatan Senjata
https://www.cnnindonesia.com/internasional/20231027193016-120-1016901/krisis-kemanusiaan-di-gaza-warga-palestina-terpaksa-minum-air-laut,2025-02-24 15:05:14,"Krisis Kemanusiaan di Gaza, Warga Palestina Terpaksa Minum Air Laut"
https://www.cnnindonesia.com/teknologi/20231027162959-192-1016819/telegram-blokir-channel-hamas-diduga-campur-tangan-google,2025-02-24 15:05:14,"Telegram Blokir Channel Hamas, Diduga Campur Tangan Google"
https://www.cnnindonesia.com/internasional/20231027164330-120-1016825/rudal-israel-nyasar-ke-kota-perbatasan-mesir-6-orang-terluka,2025-02-24 15:05:14,"Rudal Israel Nyasar ke Kota Perbatasan Mesir, 6 Orang Terluka"
https://www.cnnindonesia.com/internasional/20231027162837-120-1016817/israel-ejek-negara-arab-kecam-soal-gaza-resolusi-tong-sampah-sejarah,2025-02-24 15:05:14,Israel Ejek Negara Arab Kecam soal Gaza: Resolusi Tong Sampah Sejarah
https://www.cnnindonesia.com/tv/20231027144107-401-1016734/video-israel-bombardir-khan-younis-22-warga-tewas-dan-ratusan-luka,2025-02-24 15:05:14,"VIDEO: Israel Bombardir Khan Younis, 22 Warga Tewas dan Ratusan Luka"
https://www.cnnindonesia.com/internasional/20231027142052-120-1016723/perang-israel-vs-hamas-memanas-netanyahu-persenjatai-warga-sipil,2025-02-24 15:05:14,"Perang Israel vs Hamas Memanas, Netanyahu Persenjatai Warga Sipil"
https://www.cnnindonesia.com/internasional/20231027125635-134-1016691/poin-poin-debat-sengit-israel-vs-negara-arab-di-markas-pbb-soal-gaza,2025-02-24 15:05:14,Poin-poin Debat Sengit Israel vs Negara Arab di Markas PBB soal Gaza
https://www.cnnindonesia.com/internasional/20231027111030-134-1016632/perwakilan-hamas-dan-iran-bertemu-pejabat-rusia-di-moskow-bahas-apa,2025-02-24 15:05:14,"Perwakilan Hamas dan Iran Bertemu Pejabat Rusia di Moskow, Bahas Apa?"
https://www.cnnindonesia.com/internasional/20231026180952-120-1016424/malaysia-ingatkan-tiktok-meta-karena-blokir-konten-palestina,2025-02-24 15:05:21,Malaysia Ingatkan TikTok-Meta karena Blokir Konten Palestina
https://www.cnnindonesia.com/nasional/20231027073824-20-1016538/amnesty-dan-aktivis-ham-akan-demo-di-kedubes-as-soal-serangan-di-gaza,2025-02-24 15:05:21,Amnesty dan Aktivis HAM Akan Demo di Kedubes AS soal Serangan di Gaza
https://www.cnnindonesia.com/internasional/20231026194058-120-1016459/markas-pbb-ri-lebanon-nyaris-kena-mortir-bagaimana-kondisi-pasukan,2025-02-24 15:05:21,"Markas PBB RI Lebanon Nyaris Kena Mortir, Bagaimana Kondisi Pasukan?"
https://www.cnnindonesia.com/internasional/20231027050454-134-1016523/debat-israel-dan-negara-arab-soal-gaza-memanas-di-majelis-umum-pbb,2025-02-24 15:05:21,Debat Israel dan Negara Arab Soal Gaza Memanas di Majelis Umum PBB
https://www.cnnindonesia.com/internasional/20231027021823-120-1016518/hamas-rilis-detail-hampir-7000-korban-tewas-di-gaza-usai-diragukan-as,2025-02-24 15:05:21,Hamas Rilis Detail Hampir 7.000 Korban Tewas di Gaza Usai Diragukan AS
https://www.cnnindonesia.com/nasional/20231026140829-20-1016264/lihat-situasi-ukraina-timteng-ksal-akan-perkuat-kekuatan-tempur-drone,2025-02-24 15:05:21,"Lihat Situasi Ukraina-Timteng, KSAL Akan Perkuat Kekuatan Tempur Drone"
https://www.cnnindonesia.com/internasional/20231026223640-120-1016506/hampir-50-sandera-disebut-tewas-dalam-serangan-israel-di-gaza,2025-02-24 15:05:21,Hampir 50 Sandera Disebut Tewas dalam Serangan Israel di Gaza
https://www.cnnindonesia.com/internasional/20231025204121-122-1015980/foto-dampak-brutal-perang-terhadap-anak-anak-gaza,2025-02-24 15:05:21,FOTO: Dampak Brutal Perang Terhadap Anak-anak Gaza
https://www.cnnindonesia.com/internasional/20231026200401-120-1016466/erdogan-soal-gempuran-israel-ke-jalur-gaza-barbar,2025-02-24 15:05:21,Erdogan soal Gempuran Israel ke Jalur Gaza: Barbar
https://www.cnnindonesia.com/internasional/20231026201213-124-1016468/video-kisah-bocah-palestina-impikan-hidup-indah-tanpa-serangan-roket,2025-02-24 15:05:21,VIDEO: Kisah Bocah Palestina Impikan Hidup Indah Tanpa Serangan Roket
https://www.cnnindonesia.com/internasional/20231026105437-120-1016155/putin-telepon-erdogan-usai-cemas-bencana-buruk-bisa-terjadi-di-gaza,2025-02-24 15:05:28,Putin Telepon Erdogan usai Cemas 'Bencana Buruk' Bisa Terjadi di Gaza
https://www.cnnindonesia.com/olahraga/20231026173524-144-1016399/foto-ribuan-bendera-palestina-berkibar-di-markas-celtic,2025-02-24 15:05:28,FOTO: Ribuan Bendera Palestina Berkibar di Markas Celtic
https://www.cnnindonesia.com/internasional/20231026184630-134-1016439/rusia-buka-suara-usai-veto-resolusi-as-soal-perang-hamas-israel,2025-02-24 15:05:28,Rusia Buka Suara usai Veto Resolusi AS soal Perang Hamas-Israel
https://www.cnnindonesia.com/olahraga/20231026173857-142-1016409/dukung-palestina-youcef-atal-dihukum-liga-prancis-7-pertandingan,2025-02-24 15:05:28,"Dukung Palestina, Youcef Atal Dihukum Liga Prancis 7 Pertandingan"
https://www.cnnindonesia.com/internasional/20231026173736-120-1016400/israel-tolak-visa-pejabat-pbb-gegara-komentar-sekjen-soal-hamas,2025-02-24 15:05:28,Israel Tolak Visa Pejabat PBB Gegara Komentar Sekjen soal Hamas
https://www.cnnindonesia.com/tv/20231026171819-401-1016387/video-penampakan-jalur-gaza-via-satelit-imbas-serangan-udara-israel,2025-02-24 15:05:28,VIDEO: Penampakan Jalur Gaza Via Satelit Imbas Serangan Udara Israel
https://www.cnnindonesia.com/tv/20231026163149-401-1016347/video-istri-anak-dan-cucu-jurnalis-al-jazeera-tewas-diserang-israel,2025-02-24 15:05:28,"VIDEO: Istri, Anak dan Cucu Jurnalis Al Jazeera Tewas Diserang Israel"
https://www.cnnindonesia.com/internasional/20231026163922-124-1016355/video-momen-keledai-antar-korban-perang-israel-hamas-ke-pemakaman,2025-02-24 15:05:28,VIDEO: Momen Keledai 'Antar' Korban Perang Israel-Hamas ke Pemakaman
https://www.cnnindonesia.com/internasional/20231026152110-120-1016299/pm-benjamin-netanyahu-akui-israel-kecolongan-diserang-hamas,2025-02-24 15:05:28,PM Benjamin Netanyahu Akui Israel Kecolongan Diserang Hamas
https://www.cnnindonesia.com/internasional/20231026132906-120-1016229/putin-wanti-wanti-dampak-besar-perang-hamas-vs-israel,2025-02-24 15:05:28,Putin Wanti-wanti Dampak Besar Perang Hamas vs Israel
https://www.cnnindonesia.com/internasional/20231026142105-120-1016271/markas-pasukan-pbb-indonesia-di-lebanon-nyaris-kena-mortir-israel,2025-02-24 15:05:35,Markas Pasukan PBB Indonesia di Lebanon Nyaris Kena Mortir Israel
https://www.cnnindonesia.com/internasional/20231026135052-120-1016247/presiden-turki-erdogan-bela-hamas-saat-gaza-kian-membara,2025-02-24 15:05:35,Presiden Turki Erdogan Bela Hamas saat Gaza Kian Membara
https://www.cnnindonesia.com/internasional/20231026120750-120-1016181/istri-dan-dua-anak-kabiro-al-jazeera-gaza-tewas-akibat-serangan-israel,2025-02-24 15:05:35,Istri dan Dua Anak Kabiro Al Jazeera Gaza Tewas Akibat Serangan Israel
https://www.cnnindonesia.com/internasional/20231026111254-120-1016161/pemimpin-hizbullah-hamas-dan-jihad-islam-bertemu-bahas-apa,2025-02-24 15:05:35,"Pemimpin Hizbullah, Hamas, dan Jihad Islam Bertemu, Bahas Apa?"
https://www.cnnindonesia.com/olahraga/20231026114338-142-1016172/tolak-hukum-mazraoui-karena-pro-palestina-bayern-kena-kritik,2025-02-24 15:05:35,"Tolak Hukum Mazraoui karena Pro Palestina, Bayern Kena Kritik"
https://www.cnnindonesia.com/internasional/20231026095217-120-1016122/4-sumber-keuangan-hamas-saat-gaza-diblokade-total,2025-02-24 15:05:35,4 Sumber Keuangan Hamas saat Gaza Diblokade Total
https://www.cnnindonesia.com/internasional/20231026091152-120-1016106/kemenkes-gaza-lebih-dari-700-warga-palestina-tewas-dalam-24-jam,2025-02-24 15:05:35,Kemenkes Gaza: Lebih dari 700 Warga Palestina Tewas dalam 24 Jam
https://www.cnnindonesia.com/internasional/20231026083008-120-1016092/tangis-2-dokter-rs-indonesia-di-gaza-usai-terima-kabar-keluarga-tewas,2025-02-24 15:05:35,Tangis 2 Dokter RS Indonesia di Gaza usai Terima Kabar Keluarga Tewas
https://www.cnnindonesia.com/internasional/20231026062922-120-1016045/sekjen-pbb-bikin-israel-jengkel-sampai-ri-desak-setop-perang-di-gaza,2025-02-24 15:05:35,Sekjen PBB Bikin Israel Jengkel sampai RI Desak Setop Perang di Gaza
https://www.cnnindonesia.com/internasional/20231025172454-120-1015907/apa-itu-hak-veto-di-dk-pbb-terkait-resolusi-palestina-israel,2025-02-24 15:05:35,Apa itu Hak Veto di DK PBB Terkait Resolusi Palestina-Israel?
https://www.cnnindonesia.com/internasional/20231026041649-134-1016024/menlu-palestina-ke-icc-di-tengah-perang-israel-vs-hamas,2025-02-24 15:05:41,Menlu Palestina ke ICC di Tengah Perang Israel vs Hamas
https://www.cnnindonesia.com/internasional/20231026004408-120-1016014/erdogan-batalkan-rencana-ke-israel-imbas-serangan-di-gaza,2025-02-24 15:05:41,Erdogan Batalkan Rencana ke Israel Imbas Serangan di Gaza
https://www.cnnindonesia.com/internasional/20231026035203-134-1016022/who-desak-hamas-beri-bukti-kehidupan-sandera-bebaskan-segera,2025-02-24 15:05:41,WHO Desak Hamas Beri Bukti Kehidupan Sandera: Bebaskan Segera
https://www.cnnindonesia.com/internasional/20231026011629-134-1016015/macron-peringatkan-israel-invasi-darat-ke-gaza-bakal-jadi-kesalahan,2025-02-24 15:05:41,Macron Peringatkan Israel Invasi Darat ke Gaza Bakal Jadi Kesalahan
https://www.cnnindonesia.com/internasional/20231026023555-120-1016019/netanyahu-tegaskan-israel-siapkan-serangan-darat-ke-gaza,2025-02-24 15:05:41,Netanyahu Tegaskan Israel Siapkan Serangan Darat ke Gaza
https://www.cnnindonesia.com/internasional/20231026015014-120-1016017/netanyahu-klaim-akan-jawab-isu-keamanan-israel-buntut-serangan-hamas,2025-02-24 15:05:41,Netanyahu Klaim Akan Jawab Isu Keamanan Israel Buntut Serangan Hamas
https://www.cnnindonesia.com/internasional/20231025223402-134-1016006/sekjen-pbb-ngaku-kaget-pernyataan-soal-hamas-dipelintir,2025-02-24 15:05:41,Sekjen PBB Ngaku Kaget Pernyataan Soal Hamas Dipelintir
https://www.cnnindonesia.com/internasional/20231025231207-120-1016008/israel-disebut-setuju-dengan-permintaan-as-tunda-invasi-di-gaza,2025-02-24 15:05:41,Israel Disebut Setuju dengan Permintaan AS Tunda Invasi di Gaza
https://www.cnnindonesia.com/internasional/20231025105812-134-1015609/3-poin-desakan-indonesia-di-dk-pbb-soal-perang-di-gaza,2025-02-24 15:05:41,3 Poin Desakan Indonesia di DK PBB soal Perang di Gaza
https://www.cnnindonesia.com/internasional/20231019160927-106-1013478/visi-misi-capres-2024-prabowo-gibran-ingin-buka-kbri-di-palestina,2025-02-24 15:05:41,Visi-Misi Capres 2024: Prabowo-Gibran Ingin Buka KBRI di Palestina
https://www.cnnindonesia.com/internasional/20231025150829-120-1015834/israel-iming-imingi-uang-ke-warga-gaza-soal-lokasi-sandera-hamas,2025-02-24 15:05:48,Israel Iming-imingi Uang ke Warga Gaza soal Lokasi Sandera Hamas
https://www.cnnindonesia.com/tv/20231025144336-407-1015811/video-terus-terusan-digempur-israel-rumah-sakit-gaza-kolaps,2025-02-24 15:05:48,"VIDEO: Terus-terusan Digempur Israel, Rumah Sakit Gaza Kolaps"
https://www.cnnindonesia.com/tv/20231025163455-401-1015886/video-ratu-rania-angkat-bicara-tentang-palestina,2025-02-24 15:05:48,VIDEO: Ratu Rania Angkat Bicara tentang Palestina
https://www.cnnindonesia.com/tv/20231025142524-407-1015793/video-momen-pasukan-hamas-serang-israel-gunakan-mortir,2025-02-24 15:05:48,VIDEO: Momen Pasukan Hamas Serang Israel Gunakan Mortir
https://www.cnnindonesia.com/internasional/20231025161422-106-1015879/prabowo-ajak-massa-berdoa-untuk-rakyat-gaza-saat-daftar-pilpres-ke-kpu,2025-02-24 15:05:48,Prabowo Ajak Massa Berdoa untuk Rakyat Gaza saat Daftar Pilpres ke KPU
https://www.cnnindonesia.com/internasional/20231025150626-134-1015831/israel-kembali-bombardir-masjid-di-jalur-gaza-total-33-dihancurkan,2025-02-24 15:05:48,"Israel Kembali Bombardir Masjid di Jalur Gaza, Total 33 Dihancurkan"
https://www.cnnindonesia.com/internasional/20231025115226-120-1015657/israel-perluas-serangan-di-gaza-50-orang-terbunuh-dalam-1-jam,2025-02-24 15:05:48,"Israel Perluas Serangan di Gaza, 50 Orang Terbunuh dalam 1 Jam"
https://www.cnnindonesia.com/internasional/20231024183959-120-1015399/sosok-pm-benjamin-netanyahu-bos-perang-israel-yang-anti-palestina,2025-02-24 15:05:48,"Sosok PM Benjamin Netanyahu, 'Bos Perang' Israel yang Anti-Palestina"
https://www.cnnindonesia.com/internasional/20231025120607-120-1015669/militer-israel-sindir-pbb-minta-ke-hamas-kalau-mau-bahan-bakar,2025-02-24 15:05:48,Militer Israel Sindir PBB: Minta ke Hamas Kalau Mau Bahan Bakar
https://www.cnnindonesia.com/internasional/20231025090539-120-1015554/rumah-sakit-di-gaza-kolaps-total-imbas-blokade-israel,2025-02-24 15:05:48,Rumah Sakit di Gaza Kolaps Total Imbas Blokade Israel
https://www.cnnindonesia.com/internasional/20231025075732-120-1015532/polisi-israel-tutup-masjid-al-aqsa-muslim-dilarang-masuk,2025-02-24 15:05:55,"Polisi Israel Tutup Masjid Al Aqsa, Muslim Dilarang Masuk"
https://www.cnnindonesia.com/internasional/20231025074404-134-1015520/ri-desak-dk-pbb-setop-perang-di-gaza-berapa-nyawa-harus-dikorbankan,2025-02-24 15:05:55,RI Desak DK PBB Setop Perang di Gaza: Berapa Nyawa Harus Dikorbankan?
https://www.cnnindonesia.com/internasional/20231025070535-120-1015508/who-6-rumah-sakit-di-gaza-terpaksa-tutup-imbas-krisis-bbm,2025-02-24 15:05:55,WHO: 6 Rumah Sakit di Gaza Terpaksa Tutup Imbas Krisis BBM
https://www.cnnindonesia.com/internasional/20231025063812-120-1015502/rs-indonesia-di-gaza-mati-listrik-hingga-2000-anak-palestina-tewas,2025-02-24 15:05:55,RS Indonesia di Gaza Mati Listrik hingga 2.000 Anak Palestina Tewas
https://www.cnnindonesia.com/internasional/20231025024244-120-1015475/dokter-laporkan-wabah-penyakit-di-kalangan-pengungsi-gaza,2025-02-24 15:05:55,Dokter Laporkan Wabah Penyakit di Kalangan Pengungsi Gaza
https://www.cnnindonesia.com/internasional/20231025043233-120-1015481/israel-tuntut-sekjen-pbb-mundur-imbas-komentar-soal-hamas,2025-02-24 15:05:55,Israel Tuntut Sekjen PBB Mundur Imbas Komentar Soal Hamas
https://www.cnnindonesia.com/internasional/20231025015516-120-1015472/pejabat-gaza-704-orang-tewas-dalam-24-jam-imbas-serangan-israel,2025-02-24 15:05:55,Pejabat Gaza: 704 Orang Tewas dalam 24 Jam Imbas Serangan Israel
https://www.cnnindonesia.com/internasional/20231025003918-120-1015466/krisis-bbm-operasi-badan-pbb-di-jalur-gaza-terancam-berhenti,2025-02-24 15:05:55,"Krisis BBM, Operasi Badan PBB di Jalur Gaza Terancam Berhenti"
https://www.cnnindonesia.com/internasional/20231024203215-120-1015431/israel-sebut-lebanon-akan-tanggung-akibat-jika-hizbullah-ikut-perang,2025-02-24 15:05:55,Israel Sebut Lebanon Akan Tanggung Akibat Jika Hizbullah Ikut Perang
https://www.cnnindonesia.com/internasional/20231024190908-120-1015405/militer-israel-siaga-invasi-gaza-siap-gempur-dari-udara-darat-laut,2025-02-24 15:05:55,"Militer Israel Siaga Invasi Gaza, Siap Gempur dari Udara, Darat, Laut"
