,content_title
0,Israel Tangkap Direktur RS Al Shifa di Gaza
1,"Tentara Israel Masuki Terowongan Hamas di RS Al Shifa, Temukan Ruang Ber-AC, Toilet, dan Dapur"
2,Rencana Erdogan Usai Hamas dan Israel Sepakat Gencatan Senjata 4 Hari
3,"Israel-Hamas Gencatan Senjata, Hizbullah Tetap Siap Perang"
4,"Menlu Iran Bertemu Pemimpin Hamas, Bahas Gaza"
5,Dua Jurnalis dan Warga Sipil Tewas dalam Serangan Israel di Lebanon Selatan
6,"5.300 Anak Tewas, UNICEF Sebut Gaza Tempat Paling Berbahaya di Dunia"
7,"Israel-Hamas Gencatan Senjata, Netanyahu: Perang Akan Terus Berlanjut"
8,"INFOGRAFIK: Video Perlihatkan Perang di Libya, Bukan Israel Vs Hamas  - Kompas.com"
9,Penampakan Terowongan di Bawah RS Al Shifa Gaza
10,Penampakan Kehancuran Kamp Pengungsian di Jalur Gaza
11,Indonesia Harap Jeda Kemanusiaan Jadi Peluang Akhiri Konflik di Gaza - Kompas.com
12,"Bahagianya Ibu di Palestina, Putrinya Akan Dibebaskan Israel karena Gencatan Senjata"
13,Militer Israel Tunjukkan Bunker dan Terowongan Bawah Tanah RS Shifa di Gaza
14,[HOAKS] Avenged Sevenfold Menyanyikan Lagu Dukungan untuk Palestina - Kompas.com
15,"3 Relawan MER-C di RSI Gaza dalam Kondisi Sehat dan Selamat, Menunggu Evakuasi #SHORTS"
16,"3 Relawannya Menunggu Dievakuasi dari Palestina, MER-C: Mudah-mudahan Israel Tak Melancarkan Serangan... - Kompas.com"
17,"Sepakat Gencatan Senjata, Israel-Hamas Akan Bebaskan Sandera dan Tahanan"
18,MER-C Klarifikasi 3 Relawannya yang Disebut Ditangkap Tentara Israel di Gaza
19,Apa yang Dimaksud Kutukan 80 Tahun Israel? - Kompas.com
20,"Tak Ada Penangkapan 3 WNI di Gaza, Kemenlu: Mereka Masih di RS Indonesia - Kompas.com"
21,WHO Rencanakan Evakuasi Korban dan Staf Medis Rumah Sakit Besar di Gaza
22,"Menumpang Tidur di Masjid, Pemuda di Kepri Curi Infak Peduli Palestina - Kompas.com"
23,"Galang Dana dari Masyarakat dan ASN Riau, Plt Gubernur Edy Serahkan Donasi Rp 5,641 Miliar untuk Palestina - Kompas.com"
24,"Menlu Retno Tegaskan Israel Tak Bisa Pakai Alasan ""Self Defense"" untuk Serang Palestina - Kompas.com"
25,Jenazah Korban Serangan Israel Bergelimpangan di Bawah Reruntuhan Bangunan di Gaza
26,Hamas Jelaskan Teknis Gencatan Senjata dengan Israel
27,"Gencatan Senjata 4 Hari, Hamas Minta Israel Bebaskan 150 Tahanan Wanita dan Anak Palestina"
28,Menlu Retno: Alasan Israel “Membela Diri” Tidak Dapat Diterima
29,Pemerintah Masih Hilang Kontak dengan 3 WNI di Palestina Setelah RS Indonesia Diserang Israel - Kompas.com
30,"Hamas Serang Israel, Prabowo Langsung Gelar Rapat Terbatas"
31,Lini Masa Perseteruan Israel Vs Hamas di Gaza - Kompas.com
32,Indonesia Prihatin Atas Eskalasi Konflik Palestina-Israel di Jalur Gaza - Kompas.com
33,"RS Indonesia di Gaza Terkena Serangan Israel, Bagaimana Kondisinya? - Kompas.com"
34,Prabowo Disebut Pimpin Rapat Kabinet Terbatas Buntut Memanasnya Lagi Israel-Hamas - Kompas.com
35,"""Operasi Badai Al-Aqsa"", Mengapa Hamas Luncurkan Serangan Besar-besaran secara Mengejutkan? - Kompas.com"
36,"Reaksi Dunia terhadap Serangan Hamas ke Israel, Apa Saja? - Kompas.com"
37,MER-C Sebut 1 Staf Lokal Tewas karena Serangan Israel ke Gaza yang Turut Mengenai RS Indonesia - Kompas.com
38,"Israel Balas Serang Jalur Gaza, 232 Warga Palestina Tewas"
39,Garis Waktu Konflik Israel-Palestina di Gaza sejak 2005 - Kompas.com
40,Rusia Serukan Israel dan Palestina Lakukan Gencatan Senjata - Kompas.com
41,Mengapa Intelijen Israel Gagal Mengantisipasi Serangan Hamas?  - Kompas.com
42,"Alasan Militan Palestina Hamas Serang Israel, Korban Tewas 250 Orang - Kompas.com"
43,"UPDATE Israel Balas Serang Jalur Gaza, 232 Warga Palestina Tewas, 1.700 Terluka - Kompas.com"
44,Siapa Kelompok Militan Palestina Hamas yang Luncurkan Serangan Mendadak ke Israel? - Kompas.com
45,Ada Apa di Jalur Gaza? #Shorts
46,"Jalur Gaza, Titik Konflik Hamas dan Israel"
47,Konflik Israel-Hamas Masih Panas! Warga Gaza Menanti Bantuan
48,Ribuan Warga Bandung Turun ke Jalan Gelar Aksi Dukung Palestina - Kompas.com
49,Gereja yang Tampung Pengungsi di Gaza Diserang Israel
50,KTT Perdamaian Kairo untuk Bahas Cara Redakan Perang Hamas-Israel Dibuka Hari Ini - Kompas.com
51,Belum Berhenti! Militer Israel Lanjutkan Serangan Udara di Jalur Gaza
52,3 Alasan Kenapa Konflik Israel-Palestina Sulit Didamaikan
53,"Sesama Negara Arab Tapi Tolak Pengungsi Palestina, Kenapa?"
54,"Bicara di KTT ASEAN-GCC, Jokowi Serukan Kekerasan di Gaza Harus Dihentikan - Kompas.com"
55,Mesir Akan Awasi Koridor Kemanusiaan ke Gaza
56,"Penampakan Kamp Pengungsian Warga Gaza, Hidup Tanpa Listrik, Tidur Beralaskan Selimut"
57,Kala Presiden Biden Sindir Hamas dan Putin Sama-sama Mengancam
58,3 Alasan Israel-Palestina Sulit Damai
59,"Rakyat Aceh Demo dan Bakar Bendera Isreal, Buntut Invasi Israel ke Palestina - Kompas.com"
60,Momen Presiden Biden Tinggalkan Wartawan saat Ditanya Kemungkinan Israel Langgar Hukum Perang
61,"Bela Warga Sipil, China Kecewa dengan AS karena Buat Konflik Israel-Palestina Makin Panjang"
62,"Jokowi Tegas, Indonesia Tidak Akan Tinggal Diam Melihat Ketidakadilan terhadap Palestina"
63,"Kedubes Palestina Tampung Donasi untuk Warga Gaza, Ini Caranya - Kompas.com"
64,"Lagi-lagi, Rudal dari Gaza Dicegat Iron Dome Milik Israel"
65,Menhan Israel Tegaskan Pertempuran Akan Panjang dan Sulit
66,Menhan Israel Kunjungi Prajurit di Perbatasan Gaza
67,China Dukung Mesir Buka Koridor Bantuan Kemanusiaan ke Palestina
68,Joe Biden Bela Israel soal Ledakan di Rumah Sakit Gaza
69,Biden Bela Israel soal Ledakan di Rumah Sakit Gaza
70,Rusia Kirim 27 Ton Bantuan Kemanusiaan ke Gaza - Kompas.com
71,[FULL] Jokowi: Indonesia Kutuk Serangan Israel!
72,Rusia Terbangkan 27 Ton Bantuan Kemanusiaan untuk Warga Gaza via Mesir
73,Anies-Imin Doakan Palestina Usai Resmi Daftar Pilpres di KPU
74,Perdana Menteri Israel Janjikan Kemenangan atas Hamas di Hadapan Biden
75,"RS Indonesia di Gaza Dibom Israel, Mahfud: Pemerintah Kutuk Keras"
76,Ribuan Driver Grab di Puluhan Kota Gelar Doa Bersama untuk Palestina - Kompas.com
77,Menlu Retno Marsudi Murka RS Indonesia di Gaza Dikepung Israel
78,Palestina: Lebih dari 3.000 Murid Tewas Dalam Serangan Israel
79,"Detik-detik Houthi Bajak Kapal Pengusaha Israel, Heli Mendarat Pasukan Gerak Cepat"
80,"China Telepon Perancis, Berunding Cari Solusi Damaikan Israel-Palestina"
81,"Tentara Israel Masuk Masjid di Gaza Pakai Sepatu, Temukan Terowongan dan Senjata Hamas"
82,"Israel Gempur RS Indonesia di Gaza, Nasib 3 Relawan Tanah Air Jadi Tanda Tanya"
83,Menlu Retno Bareng OKI Galang Dukungan untuk Gencatan Senjata di Gaza - Kompas.com
84,"DIhadiri Habib Syech bin Abdul Qodir Assegaf, Tangsel Bersholawat Kirimkan Doa untuk Rakyat Palestina - Kompas.com"
85,Kenapa Perjanjian Oslo Gagal Mendamaikan Israel dan Palestina? - Kompas.com
86,Momen Haru Ibu Bayi Prematur Gaza Bertemu Sang Buah Hati untuk Kali Pertama Sejak Dilahirkan
87,Rekaman Pasukan Israel sedang Beroperasi di Jalur Gaza
88,Militer Israel Temukan Terowongan di Kompleks Rumah Sakit Al Shifa
89,Menlu Palestina: “Perang Israel Terakhir untuk Menghilangkan Rakyat Palestina”
90,Houthi Yaman Klaim Bajak Kapal Milik Pengusaha Israel
91,"IDF Masuki Terowongan Dekat RS Al Shifa dengan Robot, Temukan Jebakan Tembakan Hamas"
92,"Pakai Maskapai Baru, Jokowi Lepas Bantuan Kedua untuk Palestina"
93,"Pertempuran Belum Reda, Bom Masih Hujani Jalur Gaza"
94,"Tank Israel Serang RS Indonesia, 12 Orang Meninggal Dunia"
95,"Gelar Konser Kemanusiaan untuk Palestina, Dompet Dhuafa Kumpulkan Donasi hingga Rp 1 Miliar - Kompas.com"
96,Detik-detik Flare Melayang di Langit Gaza
97,"Kondisi Gaza Terkini, Hamas Tahan Israel Agar Tak Masuk Kamp Pengungsian"
98,"Kapal Rumah Sakit TNI AL Dicat Putih Sebelum Dikirim ke Palestina, KSAL Ungkap Alasannya - Kompas.com"
99,"Jokowi Dorong ""Two State Solution"" untuk Palestina-Israel  - Kompas.com"
100,"Bantah Klaim soal Pos Komando di Bawah RS Al Shifa, Hamas Tuding Israel Ingkari Kebenaran"
101,"Israel Temukan Terowongan di Bawah Kompleks RS Al-Shifa, Ada Tangga sampai Pintu Anti Ledakan"
102,Jokowi Akui Biden Tak Tanggapi Permintaan Gencatan Senjata di Gaza
103,"Bertemu Parlemen Negara Middle Power, Puan: Serangan Israel di Gaza Harus Dihentikan - Kompas.com"
104,Israel Mengaku Tak Tahu Alasan Anak-anak di Gaza Tewas karena Perang
105,"Jokowi Lepas Bantuan Tahap Dua untuk Gaza Sebanyak 21 Ton, Anggarannya Rp 31,9 M - Kompas.com"
106,Jokowi Akui Biden Tak Tanggapi Permintaan Gencatan Senjata di Gaza - Kompas.com
107,"Massa Gelar Aksi Bela Palestina di Depan Kedubes AS, Arus Lalu Lintas Lancar - Kompas.com"
108,Presiden Palestina Desak Biden Hentikan Genosida Israel Terhadap Warganya di Gaza
109,Kanselir Jerman Kritik Permukiman Israel di Tepi Barat - Kompas.com
110,Mahmoud Abbas Desak Biden Stop Genosida Israel kepada Warga Palestina
111,Detik-detik Militer Israel Serbu Pemukiman Warga di Gaza
112,Joe Biden: Gaza dan Tepi Barat Harus di Bawah Pemerintahan Palestina - Kompas.com
113,Hamas Kecam Israel yang Perintahkan Evakuasi RS Al-Shifa Gaza dalam 1 Jam
114,Massa Gelar Aksi Bela Palestina di Depan Kedutaan Besar AS - Kompas.com
115,"Momen Pengungsi Tiba di Gaza Selatan, Hindari Serangan Israel"
116,"Himpun Donasi Rp 61 Miliar, Baznas Berangkatkan 51 Ton Bantuan ke Palestina - Kompas.com"
117,Menteri Palestina: Israel Akan Memperluas Operasi di Gaza - Kompas.com
118,"Satu Misi dengan Hamas, Siapakah Hizbullah? #Shorts"
119,"Cuek Dengan Kecaman Banyak Negara, Israel Lanjutkan Operasinya di RS Al Shifa"
120,[KLARIFIKASI] Pemakaman Palsu di Yordania Tidak Terkait Konflik Gaza - Kompas.com
121,Kenapa Negara-Negara Arab Tidak Membantu Palestina? - Kompas.com
122,Benarkah Gedung Dewan Legislatif Palestina di Gaza Diledakkan? - Kompas.com
123,Presiden Turkiye Minta Jerman Tak Kritik Israel karena Holocaust
124,PM Israel Mengaku Gagal Meminimalkan Korban Sipil di Gaza
125,"Singgung Peran Indonesia untuk Palestina, Anies: Kami Punya Komitmen Perjuangkan Palestina"
126,"Ingin Indonesia Aktif Dalam Perdamaian Dunia, Anies: Bukan Partner Usaha Semata - Kompas.com"
127,"Berikan Donasi ke Palestina, The Body Shop Klaim Sudah Putus dengan Brand Induk Sebelumnya - Kompas.com"
128,"Marsma Subhan, Korban Pesawat Jatuh, Sempat Pimpin Pengiriman Bantuan Kemanusiaan untuk Palestina - Kompas.com"
129,"Haedar Nashir Dukung ""Two State Solution"" untuk Selesaikan Perang Palestina-Israel - Kompas.com"
130,Israel Sebar Selebaran Minta Warga Palestina Segera Tinggalkan Wilayah Selatan
131,Jet Tempur Israel Kembali Diluncurkan di Kawasan Jalur Gaza
132,"Menlu Israel Kecam Kepemimpinan Sekjen PBB, Dinilai Tak Pantas Duduki Jabatannya"
133,"Imbas Agresi Militer Israel, Ratusan Ribu Masyarakat Palestina Jatuh Miskin - Kompas.com"
134,Ini yang Dilakukan Israel Saat Temukan Terowongan Hamas
135,"Aksi Bela Palestina di Bandung, Galang Dana dan Doa Lintas Agama - Kompas.com"
136,"IDF Temukan Terowongan Hamas di Dekat RS Al-Shifa, Rampas Ratusan Senjata"
137,Hamas Siap Hadapi Perang Jangka Panjang dengan Israel
138,Penyebab RS Indonesia di Gaza Berhenti Beroperasi
139,"Kisah Bocah di Gaza, Orangtua Meninggal, Kini Kakinya Diamputasi karena Serangan Israel"
140,Seluruh Gaza Terus Digempur Israel
141,Pidato Erdogan Sebut Israel Negara Teroris
142,"Ajak Doakan Keselamatan Rakyat Palestina, Gerindra: Mereka yang Pertama Akui Kemerdekaan Indonesia - Kompas.com"
143,BPKP Serahkan Bantuan Rp 207 Juta ke Palestina untuk Sediakan Air Minum dan Makanan - Kompas.com
144,Detik-detik Israel Bom Kediaman Pimpinan Hamas di Gaza
145,"Ibu Negara Turkiye Gelar Pertemuan Pro-Palestina di Istanbul, Dihadiri Perwakilan 15 Negara"
146,"Israel Serang RS Terbesar di Gaza Tank Dikerahkan, Pria Digeledah, Pasien Ketakutan"
147,Israel Kembali Putus Jaringan Komunikasi dan Internet di Gaza
148,Hamas Sebut Israel Tebar Kebohongan untuk Bisa Serang RS Al Shifa
149,Florida Digugat Terkait Larangan terhadap Kelompok Mahasiswa Pro-Palestina - Kompas.com
150,Hasil Penjualan Lukisan Lagu Kunto Aji di JICAF 2023 Akan Disumbangkan untuk Korban di Palestina - Kompas.com
151,Video Represif Petugas Keamanan Swedia Tidak Terkait Konflik Israel-Palestina - Kompas.com
152,Kolonel Subhan Pimpin Misi Kemanusiaan ke Palestina Sebelum Jadi Korban Jatuhnya Pesawat TNI AU di Pasuruan - Kompas.com
153,Israel Akan Buru Hamas walaupun Sampai ke Seluruh Dunia
154,"3 Wanita Penipu dengan Modus Donasi Palestina di Binjai, Masih Buron - Kompas.com"
155,Biden Sebut Konflik di Gaza Akan Berhenti jika Hamas Tak Lagi Bunuh Warga Israel
156,"Israel Serang RS Terbesar Gaza: Tank Dikerahkan, Pria Palestina Digeledah, Pasien Ketakutan - Kompas.com"
157,Detik-detik Israel Bom Kediaman Pimpinan Hamas di Jalur Gaza
158,"Di Depan Forum Menhan ASEAN, Prabowo Subianto Serukan Gencatan Senjata di Gaza"
159,Israel Klaim Serang Rumah Pimpinan Hamas di Gaza
160,"Netanyahu ""Serang"" Erdogan, Bongkar Aib dan Heran dengan Jalan Pikir Presiden Turkiye"
161,Biden ke Netanyahu: Salah besar Bila Israel Duduki Gaza
162,"Deretan Produk yang Diimpor dari Israel, Paling Banyak Sektor Nonmigas"
163,Dampak Boikot Produk Israel Buat Indonesia
164,Netanyahu Tunjukkan Para Pengendali Iron Dome Israel
165,"Konflik Tak Kunjung Mereda, Palestina Desak PBB Gelar Sidang Darurat - Kompas.com"
166,"Kritik Peran PBB di Konflik Palestina-Israel, Muhammadiyah: Fungsi PBB Seperti Impotensi  - Kompas.com"
167,BKPM Yakin Perang Hamas-Israel Tak Akan Pengaruhi Investasi di Indonesia - Kompas.com
168,Video Tampilkan Militer Israel Serang Jalur Gaza
169,Presiden Iran Kecam Israel dan Puji Keberanian Warga Palestina
170,Prabowo Sebut Pelayan Kesehatan di Gaza Menolak Dievakuasi
171,"Kondisi Gaza dari Udara, Serangan Israel Meluluhlantakkan Bangunan dan Pemukiman"
172,"Konflik Hamas-Israel Telan Banyak Korban, Dompet Dhuafa Upayakan Mobilisasi Bantuan Kemanusiaan - Kompas.com"
173,Konflik Hamas-Israel Turut Dikhawatirkan Warga Lebanon
174,"Konflik Israel-Palestina, Lemhannas Siapkan Kajian Risiko untuk Indonesia"
175,"Ada Konflik Hamas-Israel, Airlangga Optimistis Investasi ke Indonesia Tak Terganggu - Kompas.com"
176,Ketegangan di Gaza dan Sorotan Atas Diamnya Komunitas Internasional - Kompas.com
177,PP Muhammadiyah Desak PBB Ambil Langkah Konkret Hentikan Perang Hamas-Israel
178,Ribuan Warga Gaza Mengungsi Imbas Perang Israel vs Hamas
179,Menlu Amerika Serikat Akan Datangi Israel di Tengah Konflik dengan Hamas
180,Lemhannas Cermati Potensi Munculnya Aksi Teror Baru Dampak Konflik Hamas-Israel - Kompas.com
181,Israel Disebut Akan Lancarkan Serangan Darat
182,"Putin Nilai Perang di Timur Tengah Bukti Kegagalan AS, Palestina Terabaikan"
183,Israel Ancam Serang Konvoi Pembawa Bantuan ke Jalur Gaza
184,Langkah Pemerintah Palestina Hentikan Pertumpahan Darah dan Atasi Krisis di Gaza... - Kompas.com
185,Lemhannas Sudah Serahkan Kajian Dampak Risiko Konflik Hamas-Israel ke Presiden - Kompas.com
186,China Ungkap Ada Warganya yang Terluka karena Konflik Palestina-Israel
187,Lebanon Ikut Serang Israel Saat Jalur Gaza Digempur
188,"Disibukkan Serangan Roket dari Lebanon, Israel Kerahkan Tank ke Perbatasan"
189,"Penampakan Gaza Usai Diserang Israel, Warga: Mereka Menghancurkan Tempat yang Indah"
190,Kronologi Gempuran Hamas dan Serangan Balik Israel
191,"Momen Iron Dome Israel ""Adu Jago"" dengan Roket Hamas"
192,"INFOGRAFIK: Mengenal Hamas, Kelompok Perlawanan Palestina terhadap Israel - Kompas.com"
193,Awal Mula dan Lini Masa Konflik Israel Vs Hamas - Kompas.com
194,Presiden Erdogan Kecam Pemutusan Air ke Gaza dan Pengiriman Pesawat AS
195,"MER-C Segera Kirim Bantuan Relawan ke Gaza, Kemenlu Diharap ""Buka Jalan"" - Kompas.com"
196,MER-C Minta Relawannya di Gaza Jaga Diri dari Serangan Israel - Kompas.com
197,"MER-C: Relawan Kami Tetap ""Stay"" di Gaza - Kompas.com"
198,"Bertemu Dubes Palestina, Fadli Zon Desak Pemerintah Negosiasi agar Perang Hamas-Israel Berhenti - Kompas.com"
199,Momen Israel Tempatkan Tentara di Dekat Perbatasan Gaza
200,"Perang Hamas-Israel, Jokowi: Akar Konfliknya Pendudukan Wilayah, Selesaikan dengan Parameter PBB - Kompas.com"
201,"Buruh Desak Joe Biden Stop Kirim Tentara AS ke Israel, Minta Tolong ke PBB Jakarta - Kompas.com"
202,"Bentuk Solidaritas, Duta Besar Negara-negara Arab Kumpul di Kedubes Palestina - Kompas.com"
203,"Cerita WNI di Gaza Saat Perang Hamas-Israel, Terbangun oleh Suara Rudal - Kompas.com"
204,Militer Israel Klaim Pegang Kendali Penuh di Gaza
205,Presiden Jokowi: RI Desak Israel dan Hamas Hentikan Perang
206,"Unjuk Rasa Pecah di Berbagai Negara akibat Konflik Hamas-Israel, Beberapa Warga Ditangkap... - Kompas.com"
207,"Update Perang Hamas-Israel, 1.487 Orang Tewas dan 6.327 Orang Terluka"
208,"AS Langsung Kirimkan Amunisi ke Israel, Setelah 11 Warganya Tewas"
209,Zelensky Tuduh Rusia Manfaatkan Krisis Israel
210,"Perbandingan Senjata Hamas Vs Israel, Punya Apa Saja? - Kompas.com"
211,Staf MER-C Gugur Saat Kendarai Ambulans di Depan RS Indonesia di Gaza
212,Dubes Palestina Sebut 1 WNI Tewas di Wilayah Gaza
213,RI Minta Bantuan Filipina Evakuasi WNI di Wilayah Konflik Israel dan Palestina - Kompas.com
214,"Ketegangan di Jalur Gaza, Berapa Jumlah Pasukan Hamas? - Kompas.com"
215,MER-C Minta Pemerintah Indonesia Kerja Sama dengan Mesir untuk Kirim Bantuan ke Gaza
216,Presiden Ukraina Zelensky Tuduh Rusia Manfaatkan Krisis Israel
217,Pemerintah Bersiap Evakuasi 10 WNI dari Jalur Gaza
218,"Iron Dome, Penangkal Rudal Israel yang Diklaim Tercanggih tapi Mampu Ditembus Hamas"
219,AS Pastikan Tak Akan Kirim Pasukan ke Daerah Konflik di Gaza
220,"Begini Cara Hamas Menembus Iron Dome, Sistem Pertahanan Terkuat Milik Israel - Kompas.com"
221,Momen Israel Tempatkan Militernya di Dekat Perbatasan Gaza
222,Dari Mana Kelompok Hamas Dapat Ribuan Senjata dan Rudal?
223,Dubes Palestina di RI Ajak Perwakilan Negara Arab untuk Mengecam Tindakan Israel
224,"Kondisi Memprihatinkan RS Indonesia di Gaza, Korban Jiwa Membludak"
225,"Tanggapi Konflik Hamas-Israel, Jokowi: RI Desak Hentikan Segera Perang dan Kekerasan - Kompas.com"
226,Jusuf Kalla: Konflik Israel-Palestina Harus Diselesaikan demi Kemanusiaan
227,"Konflik Israel-Palestina, Ancaman Hamas, dan Jumlah Korban Jiwa... - Kompas.com"
228,"Soal Konflik Israel-Hamas, Hasto Tegaskan PDI-P Dukung Sikap Pemerintah RI - Kompas.com"
229,"Kisah Pilu Warga Palestina, Rumah Hancur Dibom Israel, Istri Baru Melahirkan"
230,PMI Upayakan Kirim Bantuan Sekaligus Selamatkan WNI di Jalur Gaza
231,"Korban Tewas Konflik Hamas-Israel 1.587 Orang, Masih Banyak yang Disandera dan Hilang"
232,"Serangan Israel Hancurkan 1.000 Sasaran di Jalur Gaza, Sebagian Kota Rata"
233,JK Minta Semua Masjid di Indonesia Doakan Keselamatan Rakyat Palestina - Kompas.com
234,"Cara Hamas Lakukan Serangan ke Israel, Tak Terduga!"
235,Staf MER-C Gugur Saat Kendarai Ambulans di Depan RS Indonesia di Gaza - Kompas.com
236,Pejabat Senior Hamas Ungkap Info Serangan ke Israel Hanya Dimiliki Beberapa PIhak
237,MER-C Akan Kirim 5 Relawan ke Palestina untuk Bantu Operasional RS Indonesia di Gaza - Kompas.com
238,MER-C Indonesia Bakal Kirim Dokter Bedah dan Tim Medis ke Jalur Gaza
239,"Sekjen PDI-P Sambangi Kedubes Palestina, Mengaku Diutus Megawati - Kompas.com"
240,Pemerintah China Larang Warganya Pergi ke Israel dan Palestina
241,"Buruh Demo di Depan Kedubes AS, Serukan Hentikan Perang Hamas-Israel - Kompas.com"
242,Presiden Perancis Macron Nyatakan Dukung Israel
243,"Manfaatkan Kesan Tak Siap Perang, Hamas Sukses Bikin Israel Terlena?"
244,"Israel Sebut Pengepungan Gaza ""Baru Saja Dimulai"", Hamas Siap ""Skenario Perang Panjang"" - Kompas.com"
245,"Gambarkan Situasi Terkini di Gaza, MER-C: Obat-Obatan Menipis, Dokter Sudah Kelelahan - Kompas.com"
246,Penampakan Militer Israel Bersenjata Lengkap Berjaga di Perbatasan
247,Hamas Ancam Eksekusi Tawanan Jika Israel Nekat Bombardir Rumah Warga Sipil
248,Detik Detik Serangan Israel Hancurkan 1000 Sasaran Di Jalur Gaza
249,Update Korban Konflik Israel Vs Hamas Capai 1500 Jiwa Ratusan Ribu Orang Mengungsi
250,Hamas Terbuka Untuk Perundingan Gencatan Senjata Dengan Israel Asal
251,Rencana Evakuasi Wni Di Tengah Konflik Israel Palestina Yang Kembali Memanas
252,Kemenlu Minta Wni Segera Tinggalkan Wilayah Israel Dan Palestina
253,Pbnu Serukan Shalat Gaib Dan Doa Bersama Agar Palestina Israel Segera Damai
254,Pbnu Minta Anggota Tetap Dk Pbb Tak Pakai Hak Veto Untuk Berpihak Di Konflik
255,Menlu Rusia Desak Israel Palestina Transisi Ke Perundingan
256,Hamas Terbuka Untuk Perundingan Gencatan Senjata Dengan Israel
257,Momen Militer Israel Standby Hingga Blokir Jalanan Shorts
258,Soal Perang Hamas Vs Israel Prabowo Sebut Pemerintah Upayakan Evakuasi Wni
259,Imbas Perang Israel Hamas Uefa Tunda Laga Kualifikasi Euro 2024 
260,Kisah Relawan Indonesia Dihantui Suara Rudal Israel
261,Menhan Israel Perintahkan Kepung Total Jalur Gaza
262,Konflik Israel Vs Hamas 123538 Orang Mengungsi Di Gaza
263,Ditanya Sikap Ri Soal Konflik Palestina Israel Prabowo Kita Ikuti
264,Ditanya Soal Konflik Israel Palestina Prabowo Kita Ikuti Perkembangan
265,Tegas Dukung Israel Biden Kecam Keras Serangan Hamas
266,Kenapa Palestina Gagal Menjadi Negara Merdeka
267,Pbnu Serukan Hentikan Perang Di Palestina Dan Israel
268,Erdogan Turkiye Siap Ambil Peran Redakan Konflik Israel Palestina
269,Konflik Awal Palestina Dan Israel Terjadi Setelah Perang Dunia 1
270,Hujani Israel Dengan Ribuan Roket Dari Mana Hamas Dapatkan Senjata
271,Apa Dampak Konflik Israel Palestina Bagi Ekonomi Indonesia
272,Pm Israel Akan Putus Pasokan Listrik Makanan Dan Gas Ke Gaza
273,As Siap All Out Joe Biden Janji Penuhi Berbagai Kebutuhan Israel
274,Israel Balas Gempur Gaza Usai Dibombardir Hamas
275,Penyebab Israel Dan Palestina Berperang Sejak Dulu
276,Pm Benjamin Netanyahu Geram Israel Diserang Serukan Balas Dendam
277,Penampakan Kapal Induk Tercanggih As Yang Dikirim Ke Israel
278,Kronologi Konflik Palestina Dan Israel
279,Potret Militer Israel Standby Blokir Jalanan Usai Hamas Menyerang
280, Klarifikasi Video Warga Palestina Berkumpul Di Al Aqsa Tidak Terkait
281,As Bantu Israel Kirim 5000 Tentara Kapal Induk Uss Gerald R Ford Dan Jet F 16
282,Terimbas Konflik Israel Palestina Rupiah Ditutup Dekati Rp 15.700 Per Dollar
283,Detik Detik Israel Balas Serangan Hamas Di Jalur Gaza
284,Israel Klaim Akan Lumpuhkan Serangan Hamas
285,Penampakan Asap Hitam Tebal di Langit Gaza Hari Ini
286,"Konflik Hamas Vs Israel, Apa Dampak bagi Ekonomi Indonesia? - Kompas.com"
287,Respons Dunia Internasional terhadap Serangan Militan Palestina Hamas ke Israel - Kompas.com
288,"AS Bantu Israel, Kirim Gugus Tempur Kapal Induk USS Gerald Ford ke Laut Mediterania Timur"
289,Kemenlu Minta WNI Tunda Perjalanan ke Israel dan Palestina - Kompas.com
290,"Festival Musik Jadi Sasaran Serangan Hamas ke Israel, 260 Korban Tewas Dievakuasi - Kompas.com"
291,"Isak Tangis Pemakaman Korban Konflik Israel-Palestina, Sekeluarga Meninggal karena Reruntuhan"
292,"China-Rusia Minta Israel-Hamas Tenang, AS “Kompor” dan Siap Bantu"
293,"Bantu Israel Lawan Hamas, AS Kirimkan Bantuan Kapal dan Pesawat Militer - Kompas.com"
294,1.100 Korban Orang Tewas dalam Perang Hamas-Israel
295,Pesawat Tempur Israel Terus Bombardir Jalur Gaza
296,Israel dan Hamas Bergejolak! Begini Nasib WNI di Gaza
297,Kemenlu: 275 WNI di Palestina dan Israel Tak Jadi Korban Konflik Israel-Palestina - Kompas.com
298,Mengenal Hamas yang Bikin Tentara Israel Kocar-kacir!
299,Zelensky Ungkap 2 Warga Ukraina Tewas dalam Serangan Palestina ke Israel
300,"Serangan Israel Kena RS Indonesia di Gaza, Satu Orang Staf Lokal Tewas"
301,"Momen Rudal Israel Serang Gedung di Gaza, Terekam Saat ""Live"" di TV"
302,"Di PBB, Utusan Palestina dan Israel Sampaikan Harapan Masing-masing  - Kompas.com"
303,"Fakta-fakta Serangan Israel ke Palestina: RS Indonesia Ikut Terdampak, WNI Aman - Kompas.com"
304,"Israel Umumkan Perang dengan Hamas, Deklarasi Pertama Kali Sejak 50 Tahun"
305,[POPULER TREN] Alasan Hamas Serang Israel | Netanyahu Putus Pasokan Listrik dan Makanan ke Gaza - Kompas.com
306,"Israel Resmi Deklarasikan Perang Melawan Hamas, Pertama Kali sejak 1973 - Kompas.com"
307,"13 Kutipan Terkenal Yasser Arafat, Pemimpin Organisasi Pembebasan Palestina - Kompas.com"
308,Detik-detik Gedung di Gaza Runtuh akibat Serangan Udara Israel
309,"Dampak Perang Israel Vs Hamas, Bagaimana Kondisi WNI di Gaza? - Kompas.com"
310,"Buntut Serangan Hamas, Netanyahu Akan Putus Pasokan Listrik, Makanan, dan Gas ke Gaza - Kompas.com"
311,Detik-detik Israel Bombardir Balik Jalur Gaza
312,"Mencekamnya Kota Gaza, Dihujani Serangan Udara Israel"
313,"Eskalasi Konflik Israel-Palestina Meningkat, Kemenlu: 13 WNI dalam Kondisi Aman - Kompas.com"
314,Indonesia Minta Konflik Palestina-Israel Segera Diakhiri - Kompas.com
315,Gambaran Susahnya Kehidupan Ekonomi dan Pekerjaan Warga Palestina - Kompas.com
316,Putin Tuduh Barat Picu Kerusuhan di Dagestan
317,Netanyahu Tegaskan Israel Tak Akan Penuhi Permintaan Penghentian Perang dengan Hamas
318,"Puluhan Tank Israel dan Kendaraan Lapis Baja Masuk ke Gaza, Serang Mobil-mobil"
319,Amerika Janji Tak Kerahkan Tentara ke Israel dan Gaza
320,"Profil Mahmoud Abbas: Presiden Palestina, Pendiri Organisasi Fatah untuk Tentang Israel"
321,Suara Dentuman di Jalur Gaza di Tengah Serangan Israel
322,Cerita Warga yang Ketakutan Akan Serangan Israel ke Jalur Gaza
323,Sejumlah Negara Minta Israel Lindungi Warga Sipil Palestina di Gaza maupun Tepi Barat - Kompas.com
324,Presiden Jokowi: Indonesia Akan Kirim Bantuan ke Palestina Pekan Ini - Kompas.com
325,"Situasi di Gaza Memburuk, Jokowi: Indonesia Sangat Marah  - Kompas.com"
326,"Ejek Pasukan Israel Lemah, Iran Yakin Hamas Unggul di Pertempuran Darat"
327,"Pesawat dari Israel Dikepung Massa Pro Palestina di Bandara Rusia, 2 Orang Kritis"
328,Negara yang Mendukung dan Menolak Gencatan Senjata di Gaza
329,Serangan Terbaru Israel Hantam Wilayah Dekat Rumah Sakit Terbesar di Gaza
330,Penampakan Barisan Tank Israel Mulai Merapat ke Gaza Utara
331,Israel Luncurkan Operasi Darat Tandai Fase Kedua Serangan di Gaza
332,Penampakan Kendaraan Militer Israel di Gaza
333,Suara Ledakan di Jalur Gaza di Tengah Serangan Israel
334,PM Israel Minta Maaf Usai Kecam Pemimpin Intelijennya terkait Hamas
335,Brigade Al Qassam Yakin Bisa Patahkan Serangan Israel
336,"Di Depan Ribuan Rakyat Turkiye, Erdogan Bakal Buat Israel Dicap Penjahat Perang di Mata Dunia"
337,"Barisan Tank Israel Mulai Merapat ke Gaza Utara, Serangan Darat Semakin Dekat"
338,"Janji Bantu Rakyat Palestina, Cak Imin Mau Gerakkan Masyarakat Sipil - Kompas.com"
339,"Cak Imin: Anies-Muhaimin Menang, Kita Tolong Saudara di Palestina - Kompas.com"
340,"Israel Klaim Telah Memulai Serangan Darat, Listrik Gaza Padam"
341,Israel Kembali Lancarkan Serangan Udara di Gaza #Shorts
342,"Israel Kembali Lancarkan Serangan Udara di Gaza, Hamas Siap Lawan dengan Kekuatan Penuh"
343,[KLARIFIKASI] Video Ayah dan Putrinya Tertawa Saat Serangan Udara Israel - Kompas.com
344,PM Israel Netanyahu Tegaskan Negaranya Memang Perlu Hancurkan Hamas
345,Stok Kain Kafan di Gaza Menipis
346,Tegas! Retno Marsudi Minta Dewan Keamanan PBB Lindungi Sipil di Palestina
347,[KLARIFIKASI] Video Masjid Dibom Bukan Berlokasi di Palestina - Kompas.com
348,Menlu Retno Minta PBB Tolak Pemindahan Paksa Warga Palestina di Gaza
349,"Demo Buruh Selesai, Jalan Medan Merdeka Barat Arah Harmoni Kembali Dibuka - Kompas.com"
350,Pejabat Senior Hamas Persilakan Kelompok Lain Bantu Bertempur Lawan Israel
351,PM Netanyahu Tegaskan Israel Perlu Hancurkan Hamas Demi Keamanan Warga
352,Detik-detik Tank Israel Menyeberang ke Jalur Gaza
353,"Sekjen PBB: Serangan Hamas Tidak Terjadi Begitu Saja, Rakyat Palestina telah Dijajah 56 Tahun"
354,Palestina: 70 Persen dari 7.000 Warga Sipil yang Tewas adalah Perempuan dan Anak-anak
355,"Israel Tak Tertarik Lawan Hizbullah, Menhan Yoav Gallant: Lawan Kami di Gaza"
356,"Perang Hamas-Israel Memanas, Roket Nyasar ke Perbatasan Mesir"
357,"Tank Israel Masuk ke Gaza Utara, Serangan Darat ""Terbesar"" Sudah Dilakukan"
358,"Massa Buruh Padati Depan Menara Thamrin, Demo Tuntut Kemerdekaan Palestina di Kantor PBB  - Kompas.com"
359,"AS Bertemu China, Bahas Dua Konflik Besar?"
360,"Serangan Udara Israel di Gaza Berlanjut, Ciptakan Kepulan Asap dan Suara Ledakan"
361,Kandidat Capres AS Ron DeSantis Larang Kelompok Pro-Palestina di Kampus-kampus Florida - Kompas.com
362,"Perang Panas Israel-Hamas, Putin Kecam Serangan Israel di Gaza"
363,Israel Ancam Tolak Seluruh Visa Staff PBB
364,Penampakan Gaza Sebelum dan Sesudah Diserang Israel dengan Rudal
365,PM Israel Umumkan Akan Lancarkan Serangan Darat ke Gaza Tapi Rahasiakan Waktu
366,Terowongan Bawah Tanah Hamas di Gaza Jadi Tantangan Baru Israel
367,Begini Kondisi Prajurit Usai Serangan Mortir Israel Nyasar ke Markas TNI di Lebanon
368,Menlu Retno Pertanyakan Sikap Dewan Keamanan PBB soal Perang Gaza
369,"Invasi Darat Israel Ditunda, PM Israel Ogah Bocorkan Kapan akan Dilanjutkan"
370,"Kabar Markas TNI di Lebanon Kena Mortir Israel, Ini Penjelasan TNI"
371,"Erdogan Kecewa PBB Tak Berdaya Tangani Kondisi Gaza, Turki Beri Rekomendasi"
372,[KLARIFIKASI] Video Anak Anjing Jadi Korban Serangan di Gaza - Kompas.com
373,Sekjen PBB Desak Israel Hentikan Serangan di Gaza
374,Menlu Retno Serukan PBB Segera Ambil Langkah untuk Gencatan Senjata di Gaza - Kompas.com
375,Amerika Serikat Curigai Gencatan Senjata Bakal Untungkan Hamas
376,Presiden Palestina Minta Serangan Israel ke Gaza Dihentikan
377,"Sirene Meraung, IDF Umumkan 3 Lokasi di Israel Jadi Sasaran Rudal"
378,Jumlah Korban Tewas di Gaza Naik Jadi 4 Kali Lipat dari Israel
379,[KLARIFIKASI] Foto Pendukung Atletico Madrid Bentuk Formasi Bendera Palestina adalah Buatan AI - Kompas.com
380,"Prabowo: Hati, Jiwa, dan Perjuangan Kita Bersama Palestina"
381,"Sebelum Bertolak ke KPU, Prabowo-Gibran Hening Cipta untuk Rakyat Palestina - Kompas.com"
382,Presiden Palestina Minta Serangan Israel ke Gaza Dihentikan - Kompas.com
383,7 Negara yang Mendukung Palestina - Kompas.com
384,Sejarah Konflik Palestina dan Israel - Kompas.com
385,FIFA Jadwal Ulang Semua Pertandingan Timnas Israel Imbas Perang dengan Hamas
386,6 Negara yang Mendukung Israel  - Kompas.com
387,"Tuding Hamas Sembunyi di Belakang Warga Sipil, PM Israel Siapkan Segala Cara untuk Menghancurkannya"
388,FIFA Jadwalkan Ulang Semua Pertandingan Timnas Israel
389,Anak Salah Satu Sandera Ungkap Perlakuan Baik Hamas terhadap Sang Ibu
390,"Iran Tuduh AS Perluas Perang di Timur Tengah, Sebut Biden Munafik!"
391,Upaya PBB dalam Menyelesaikan Konflik Israel-Palestina - Kompas.com
392,Serangan Baru Israel di Gaza Tewaskan Sedikitnya 70 Orang
393,"Israel Ancam Hizbullah: Jika Ikut Perang Gaza, Lebanon Akan Lumpuh!"
394,Menhan Israel Bersumpah Bakal Jadikan Hari Serangan Hamas sebagai Hari Kehancuran Hamas
395,Detik-detik Palestina Balas Serangan Israel di Utara Gaza
396,Perwakilan Senior Hamas Tuding Perang di Gaza Dipimpin dan Dibekingi AS
397,Serangan Roket Meluncur dari Gaza usai Israel Lakukan Lebih dari 300 Serangan Udara
398,"RS di Gaza Diserang, Presiden Palestina Langsung Batalkan Pertemuan dengan Biden"
399,"Israel Klaim Lenyapkan 7 Komandan Hamas, Siapa Saja?"
400,Detik-detik Joe Biden Berangkat dari Washington ke Israel
401,"Menteri Pertahanan Israel Ultimatum Hamas, Hanya Sediakan 2 Pilihan"
402,Momen Iron Dome Kerja Keras Saat Sirene Meraung di Israel
403,"Mendukung Palestina, Anwar El Ghazi Dibekukan Klub Jerman - Kompas.com"
404,"Israel Bantah Serang Rumah Sakit, Tuding Roket dari Gaza Penyebabnya"
405,"Hizbullah Serang Israel dengan Rudal Anti-tank, Tentara IDF Jadi Korban"
406,"RS di Gaza Diserang, Ratusan Warga Palestina Tewas"
407,Saling Tuding Pelaku Serangan Rumah Sakit di Gaza - Kompas.com
408,"Putin Telepon Netanyahu, Pertama Kali Sejak Perang Hamas vs Israel"
409,Cara Kelompok Hizbullah Cegah Israel Pantau Pergerakan di Perbatasan
410,"Daftar 28 Negara yang Tak Mengakui Israel, Indonesia Masuk"
411,"Presiden AS Joe Biden Mau Kunjungi Israel, untuk Apa?"
412,"Gaza Memanas, Spanyol Minta Israel Dibawa ke Mahkamah Pidana Internasional"
413,Blinken: AS-Israel Sepakat Bantuan Kemanusian Bisa ke Gaza Tanpa Untungkan Hamas
414,"Israel Menolak Buka Blokade, Ratusan Ton Bantuan Tertahan di Mesir"
415,Detik-detik Sirene Berbunyi Saat Roket Melintas di Langit Tel Aviv
416,Detik-detik Sirene Berbunyi Saat Sebuah Roket Melintas di Langit Tel Aviv
417,"Iran Bekingi Hamas, Siap Turun Tangan jika Serangan Darat Israel Dilakukan"
418,Sirene Berbunyi Saat Roket Dicegat di Atas Langit Tel Aviv
419,Badan Kemanusiaan: Tak Ada Tempat yang Aman di Seluruh Jalur Gaza
420,"AS-Israel Makin ""Mesra"", Menhan Gallant Ungkap Bantuan untuk Negaranya"
421,"Situasi Perbatasan Mesir Terkini, Ratusan Ton Bantuan untuk Gaza Tertahan"
422,Saat Rudal Kiriman dari Gaza Dicegat Iron Dome di Tel Aviv
423,"Militer Israel Patroli ke Wilayah yang Berbatasan dengan Lebanon, Cegah Serangan Hizbullah?"
424,Menlu Negara OKI Gelar Pertemuan Luar Biasa Bahas Palestina di Jeddah pada 18 Oktober - Kompas.com
425,"Israel Ungkap Semalam Serang Lebanon, Targetkan Hizbullah"
426,Israel Bersikukuh Tak Ada Gencatan Senjata di Gaza
427,Ma'ruf Amin Minta Forum Asia-Afrika Serukan Perdamaian Israel-Palestina
428,"Cegah Perang Meluas, Kapal Induk AS Berlayar Menuju Mediterania Mendekati Israel"
429,"Gelar Rapat Darurat, Netanyahu Bersumpah Akan Hancurkan Hamas"
430,Konflik Semakin Panas! Sejuta Orang Mengungsi dari Gaza
431,3 Penyebab Konflik Israel-Palestina - Kompas.com
432,Negara-Negara yang Tidak Mengakui Palestina - Kompas.com
433,Penampakan Gumpalan Asap di Langit Gaza Usai Tembakkan Roket dari Israel
434,"Jenis-jenis Senjata Hamas untuk Serang Israel, Mulai dari Senapan Serbu, Bazoka, hingga Granat"
435,Puluhan Warga Gaza Antre di Perbatasan Menuju Mesir
436,Momen Suara Ledakan Memecah Keheningan Dinihari di Gaza
437,"Sepak Terjang Benjamin Netanyahu, Pemegang Komando Serangan ke Gaza"
438,Cek Fakta Sepekan: Hoaks Beras Palsu dan Rudal Iran Hancurkan Israel - Kompas.com
439,Suasana Perbatasan Rafah-Mesir Dipadati Warga Pengungsi Gaza
440,Kemenkes Palestina Ungkap RS Gaza Darurat Stok Donor Darah
441,Nasib Warga Palestina di Israel: Diskors dari Pekerjaan dan Sekolah - Kompas.com
442,Asal-usul Bangsa Palestina - Kompas.com
443,Presiden Palestina Mahmoud Abbas Sebut Hamas Tak Mewakili Rakyat Palestina
444,"Konflik Israel-Palestina, Indonesia Dorong Penyelesaian ""Two State Solution"" - Kompas.com"
445,"Israel Terus Gempur Gaza dari Udara, Hancurkan 250 Target Militernya"
446,Momen Ledakan Besar yang Memecah Keheningan Gaza Dinihari Tadi
447,Penduduk Gaza Antre untuk Dapat Air hingga Rebutan Roti #Shorts
448,Mesir Buka Penyeberangan Rafah untuk Koridor Kemanusiaan ke Gaza
449,"Mundurnya Indonesia dari ""Frankfurt Book Fair 2023"" - Kompas.com"
450,"Israel Membabi-buta, Gaza Mencekam dan Operasi Serangan Darat Dikerahkan"
451,Netanyahu Bersumpah Akan Hancurkan Hamas
452,Kemenlu RI Ungkap Kondisi di Gaza Mengkhawatirkan
453,Hanya Ada 4 WNI yang Bersedia Dievakuasi dari Israel
454,Kondisi Perbatasan Lebanon-Israel Usai Hizbullah Menyerang
455,"Kondisi Gaza Mencekam, Ukraina Berupaya Evakuasi 260 Warganya ke Romania"
456,Putin Tak Terima Warga Sipil Palestina Jadi Korban Serangan Darat Israel
457,"Update Perang Hamas-Israel, Korban Tewas Hampir 4.000 Orang"
458,Reaksi Israel dan Potensi Blunder Geopolitik Amerika - Kompas.com
459,Detik-detik Tank Israel Serang Kelompok Militan Palestina di Gaza
460,Barcelona dan Napoli Gelar Aksi Solidaritas untuk Palestina
461,Panduan Memahami Konflik Israel-Palestina yang Berlangsung 100 Tahun - Kompas.com
462,"Militer Israel Bersiap Operasi Serangan Darat, Nasib Warga Gaza Terancam!"
463,Krisis Air dan Eksodus Warga Palestina Usai Israel Akan Gempur Gaza - Kompas.com
464,Doa untuk Perdamaian Israel-Palestina - Kompas.com
465,"Telepon Presiden Palestina, Biden Tawarkan Bantuan Kemanusiaan untuk Warga Gaza"
466,Ada yang Diincar Israel Menginvasi Gaza di Jalur Darat
467,"Barisan Tank Israel di Perbatasan Lebanon, Siap Serang HIzbullah? #Shorts"
468,Perang Israel-Hamas Jadi Ujian Diplomasi bagi China dan India
469,"Cak Imin: AMIN Menang, Kita Selamatkan Palestina! - Kompas.com"
470,"Jejak Genetik Israel dan Palestina, Benarkah Masih Satu Garis Leluhur?"
471,"Aksi Bela Palestina Bakal Digelar di Bandung, Massa Tuntut Pemerintah Fasilitasi Relawan - Kompas.com"
472,Indonesia Akan Angkat Persoalan Palestina di Dewan HAM PBB - Kompas.com
473,13 Konten Salah Konteks Terkait Konflik Israel-Palestina - Kompas.com
474,Presiden Palestina Peringatkan Potensi Nakba Kedua di Gaza - Kompas.com
475,"Suasana Gaza Dini Hari Tadi, Rudal Israel Bergemuruh Terus-menerus"
476,"Warga Semarang Gelar Aksi Bela Palestina, Minta Pemerintah Indonesia Beri Bantuan"
477,"Putin Curigai Ukraina Jual Senjata ke Palestina, Dikaitkan Isu Korupsi Kyiv"
478,Saat Militer Israel Cegat Rudal di Perbatasan Selatan dengan Jalur Gaza
479,"Sejarah Masjid Al Aqsa, Jadi Rebutan Israel dan Palestina - Kompas.com"
480,"PBB Minta Israel Batalkan Perintah Pemindahan 1,1 Juta Penduduk Gaza"
481,Jurnalis Reuters Tewas akibat Serangan Israel di Lebanon
482,"INFOGRAFIK: Mengenal Jalur Gaza, Wilayah Palestina yang Dikendalikan Hamas - Kompas.com"
483,Human Rights Watch Tuding Israel Serang Gaza dengan Bom Fosfor
484,"Menhan: Sikap Saya dan Pemerintah Jelas, Dukung Perjuangan Palestina - Kompas.com"
485,Kondisi Masjid Rancangan Ridwan Kamil di Palestina - Kompas.com
486,Kemenlu RI Ungkap Kondisi Gaza Mengkhawatirkan
487,Menlu AS Anthony Blinken Temui Presiden Palestina
488,143 WNI Masih Tinggal di Wilayah Konflik Israel-Palestina
489,"Potret Militer Israel di Perbatasan Lebanon, Standby Serangan Hizbullah?"
490,Tangisan Warga Palestina yang Selamat dari Serangan Mematikan Israel
491,Hanya 4 WNI yang Bersedia Dievakuasi dari Israel
492,Israel Perintahkan Seluruh Penduduk Gaza Tinggalkan Kota
493,"Dituding Suplai Senjata ke Hamas, Korut: AS Alihkan Kesalahan Krisis Timur Tengah"
494,Pemerintah Siapkan Berbagai Skenario Evakuasi WNI dari Israel dan Palestina - Kompas.com
495,"Korban di Palestina Capai 1.400 Orang Lebih, Kerusakan di Gaza Tak Terbayangkan"
496,"Penampakan di Gaza Saat Fajar Menyingsing, Gemuruh Ledakan Sana-sini"
497,Putin Sebut AS Gagal Jadi Juru Perdamaian Israel-Palestina
498,"Korban di Palestina Capai 1.400 Orang Lebih, Kerusakan di Gaza Tak Terbayang"
499,Kemenlu Pastikan Tak Ada WNI Terluka dan Ditawan dalam Konflik Hamas-Israel
500,Kemenlu: 143 WNI di Wilayah Israel-Palestina dalam Keadaan Selamat
501,Kepala Militer Israel Akui Pihaknya Gagal Bendung Serangan Hamas Sabtu Pekan Lalu
502,Putin Tuding AS Gagal Jadi Juru Perdamaian Israel-Palestina
503,"PM Benjamin Netanyahu Temui Pasukan Bersenjata, Ada Apa?"
504,Korea Utara Bantah Suplai Senjata untuk Hamas Serang Israel
505,"Ada WNI Coba Masuk Wilayah Konflik Israel-Palestina, Kemenlu Minta Tunda Dulu - Kompas.com"
506,Politisi AS Sebut Mesir Sudah Peringatkan Israel 3 Hari Sebelum Serangan Hamas
507,Seperti Apa Terowongan Gaza yang Jadi Sasaran Serangan Israel? - Kompas.com
508,Kemenlu RI: Ada 143 WNI di Wilayah Konflik Israel-Palestina - Kompas.com
509,"Kelompok Hamas Tuding AS dan Joe Biden Berbohong, Termakan Propaganda Israel"
510,"Cari Bantuan ke Yordania, Presiden Palestina Kecam Warga Jadi Korban"
511,Tanpa Listrik Rumah Sakit di Gaza Berpotensi Jadi Kamar Mayat
512,"Prihatin Kondisi Gaza, Presiden Mesir Desak Adanya Suplai Bantuan Kemanusiaan"
513,Gempuran Serangan Israel Memaksa 423.378 Warga Gaza Mengungsi
514,"Dipecat Playboy Usai Dukung Hamas, Mia Khalifa: Tak Membela Kekerasan tapi Mendukung Kemerdekaan Palestina - Kompas.com"
515,Kepala Militer Israel Akui Gagal Bendung Serangan Hamas Sabtu Pekan Lalu
516,[KLARIFIKASI] Video Hujan Bom Tidak Terkait Konflik Israel-Palestina - Kompas.com
517,Menlu Rusia: Semua Harus Serius untuk Membentuk Palestina
518,Presiden Iran Telepon Pangeran Mohammed bin Salman Bahas Situasi Gaza
519,"Merunut Sejarah, Tokoh, dan Kepemimpinan Hamas di Palestina - Kompas.com"
520,Putin Serukan Negosiasi Israel-Palestina
521,Sejarah Kenapa Gaza Diperebutkan Israel dan Palestina - Kompas.com
522,Penampakan Kapal Induk Tercanggih AS yang Sudah Tiba di Dekat Israel
523,CEK FAKTA: Tidak Ada Bukti Hamas Berlaku Kejam terhadap 40 Bayi Israel - Kompas.com
524,Berapa Lama Konflik Israel dan Palestina? - Kompas.com
525,Gaza dalam Gelap Gulita Namun Serangan Tak Kunjung Reda
526,Momen Serangan Udara di Gaza Terekam Kamera Jurnalis
527,Vladimir Putin Pertanyakan Motif AS Kirim Kapal Induk ke Timur Tengah
528,"AS Atur Strategi, Bikin Diskusi Kongres soal Bantuan Dana ke Ukraina dan Israel"
529,Nestapa Ribuan Warga Gaza yang Diusir dari Tempat Kerjanya di Israel
530,"Korban Membeludak, RS di Gaza Kehabisan Tempat Tidur"
531,"Konflik Hamas-Israel, Joe Biden Ingatkan Iran Untuk Berhati-hati"
532,Perbedaan Hamas dan Fatah dalam Konflik Israel-Palestina - Kompas.com
533,Hizbullah Lebanon Target Serang Pangkalan Militer Israel
534,"Konflik Israel-Palestina, Erdogan Bakal Temui Putin dan Sekjen PBB"
535,Melacak Jejak Konflik Israel dan Hamas - Kompas.com
536,"Erdogan Marah ke AS karena Kirim Kapal, Minta Barat Adil dalam Perang Palestina-Israel"
537,Putin Kecam AS yang Pilih Kirim Kapal dan Senjata ke Israel daripada Mendinginkan Konflik
538,"Putin Serukan Negosiasi Israel dan Palestina, Berharap Perang Tak Meluas - Kompas.com"
539,"Bermodal Peran Sahabat Palestina dan Rekan Bisnis Israel, Rusia Yakin Bisa Damaikan Keduanya"
540,"Kondisi Gaza Terkini, Listrik Terputus dan Layanan RS Terganggu"
541,Hizbullah Lebanon Target Serang Pangkalan Militer Israel dengan Rudal
542,Israel Siapkan Serangan Penuh ke Hamas
543,PBNU-PP Muhammadiyah Kompak Desak PBB Turun Tangan Hentikan Perang Hamas-Israel - Kompas.com
544,"8 Kutipan Terkenal tentang Palestina, Bisa Dibagikan di Media Sosial - Kompas.com"
545,Pemerintah Diminta Desak DK-PBB Turun Tangan Atasi Perang Israel-Palestina - Kompas.com
546,"Kondisi Terkini di Gaza, Dua Hari Setelah Israel Lakukan Blokade Penuh - Kompas.com"
547,AS: Tak Ada Bukti Iran Terlibat Serangan Hamas ke Israel
548,"AS dan Barat Bantu Israel, Zelensky Takut Ukraina “Dilupakan”"
549,"Konflik Tak Kunjung Mereda, Palestina Desak PBB Gelar Sidang Darurat - Kompas.com"
550,"Kritik Peran PBB di Konflik Palestina-Israel, Muhammadiyah: Fungsi PBB Seperti Impotensi  - Kompas.com"
551,BKPM Yakin Perang Hamas-Israel Tak Akan Pengaruhi Investasi di Indonesia - Kompas.com
552,Video Tampilkan Militer Israel Serang Jalur Gaza
553,Presiden Iran Kecam Israel dan Puji Keberanian Warga Palestina
554,Prabowo Sebut Pelayan Kesehatan di Gaza Menolak Dievakuasi
555,"Kondisi Gaza dari Udara, Serangan Israel Meluluhlantakkan Bangunan dan Pemukiman"
556,"Konflik Hamas-Israel Telan Banyak Korban, Dompet Dhuafa Upayakan Mobilisasi Bantuan Kemanusiaan - Kompas.com"
557,Konflik Hamas-Israel Turut Dikhawatirkan Warga Lebanon
558,"Konflik Israel-Palestina, Lemhannas Siapkan Kajian Risiko untuk Indonesia"
559,"Ada Konflik Hamas-Israel, Airlangga Optimistis Investasi ke Indonesia Tak Terganggu - Kompas.com"
560,Ketegangan di Gaza dan Sorotan Atas Diamnya Komunitas Internasional - Kompas.com
561,Anak-anak Korban Serangan Israel Dilarikan ke RS Khan Younis
562,"Pengamanan Laga Piala Dunia U-17, Kabareskrim Minta Polisi Pantau Suporter Bawa Bendera Israel dan Palestina - Kompas.com"
563,"Mengungsi ke Selatan, Puluhan Ribu Warga Gaza Berjalan Kaki"
564,"TNI AD Siap Kerahkan Prajurit di Jalur Gaza, Bantu Konban Perang"
565,"Klaim 50.000 Warga Eksodus ke Selatan Gaza, Israel ""Pede"" Hamas Kehilangan Kendali di Gaza Utara"
566,Brigade Al Qassam-Hamas Klaim Hancurkan 136 Kendaraan Militer Israel
567,Prabowo Kirim Bantuan Uang Rp 5 Miliar untuk Rakyat Palestina - Kompas.com
568,Jokowi Bakal Sampaikan Hasil KTT OKI yang Bahas Situasi Gaza ke Joe Biden - Kompas.com
569,Peran penting Hizbullah di Perang Israel-Hamas
570,Serangan Israel di Gaza Hancurkan 59 Masjid
571,Menlu AS Anggap Gaza Tak Bisa Dikuasai Terus oleh Hamas dan Diduduki oleh Israel
572,"Green Brigade, Solidaritas Ultras Celtic FC untuk Palestina - Kompas.com"
573,"Jokowi Sebut Bantuan Lanjutan RI untuk Palestina Sudah Siap, Tunggu Tim dan Armada - Kompas.com"
574,Serangan Udara Israel di Beit Lahiya Gaza Tewaskan Beberapa Orang
575,Jurnalis Hana Mahameed Terluka Bukan karena Serangan Israel pada 2023 - Kompas.com
576,"Harga Kedelai di Bantul Melonjak, Perajin Tahu: Kenaikan Tertinggi Saat Perang Israel-Palestina Dimulai - Kompas.com"
577,Penampakan Gaza Utara Usai Diserang Israel
578,"Catat, Ini Tanaman Pendamping Terbaik dan Terburuk untuk Semangka - Kompas.com"
579,Gagasan Anies soal Bantuan Indonesia untuk Palestina: Bawa Anak-anak Mereka ke Sini
580,"Perlawanan Hamas ke Tentara Israel di Gaza, Adu Tembak di Antara Gedung dan Luncurkan Roket"
581,"Pidato Pertama Raja Charles III, Sampaikan Dukungan untuk Israel"
582,Detik-detik Roket Hamas Diluncurkan dari Jalur Gaza
583,"Usai Temui Jokowi, HMI Ungkap Peluang Presiden Jadi Negosiator untuk Palestina"
584,Tank Israel di Perbatasan Gaza Lewati Pagar Pembatas lewat Celah yang Ada
585,"DK PBB Gagal Capai Resolusi, China Siap Ambil Alih Upaya Perdamaian Palestina-Israel"
586,"Dipaksa ke Selatan, 900 Ribu Warga Palestina Bertahan di Gaza Utara"
587,Detik-detik Tank Israel Lewati Perbatasan Gaza
588,Anies Sebut Indonesia Harus Lebih Proaktif di Berbagai Bidang dalam Sikapi Konflik Palestina-Israel
589,"Sejarah RS Indonesia di Gaza, Bermula dari Sumbangan Rakyat - Kompas.com"
590,"Putuskan Pindah ke Selatan, Seorang Warga Gaza Ungkap Kelakuan Tentara Israel"
591,"Mulanya Tak Terlalu Peduli Perang di Jalur Gaza, Kini Warga Palmerah Beri Dukungan untuk Palestina - Kompas.com"
592,Netanyahu Tak Akan Lakukan Gencatan Senjata sampai Hamas Bebaskan Sandera
593,"Anies Sebut Indonesia Harus Aktif Bantu Kemerdekaan Palestina, Bagaimana Caranya? - Kompas.com"
594,"Kecam Serangan di Gaza, Yordania Siagakan Pasukan di Perbatasan Israel"
595,"Penampakan Kebakaran di Kota Gaza, Orang-orang Melarikan Diri ke Selatan"
596,"1 Bulan Perang Israel-Hamas: Ribuan Warga Palestina Jadi Korban, IDF Berburu Terowongan"
597,TNI AD Siap Kerahkan Prajurit Medis Bantu Korban Perang di Jalur Gaza jika Diminta - Kompas.com
598,Amerika Serikat Tegaskan Tak Mendukung Pendudukan Israel di Gaza Pasca Perang
599,Dukungan untuk Palestina dari Gang Sempit Kawasan Palmerah - Kompas.com
600,Menhan Prabowo: Kami Bersama Palestina di Masa Tergelap dan Tersulitnya #Shorts
601,"Situasi Terkini Gaza, Tank-tank Israel Terus Kepung Jantung Kota"
602,INFOGRAFIK: Video dengan Narasi Keliru soal Jenderal Israel Ditangkap Hamas - Kompas.com
603,Israel Sita 760 RPG dan Ribuan Senjata Hamas Lainnya
604,Prabowo Ungkap Bantuan untuk Palestina Sudah Terkumpul hingga Rp 75 Miliar
605,"Dubes Palestina Sebut Bantuan Kemanusiaan Indonesia Masih Tertahan, Tunggu Izin dari Israel - Kompas.com"
606,"Pasukan Israel Klaim Kepung Gaza, Netanyahu: Kami Akan Menang"
607,Jokowi Disebut Akan Bernegosiasi dengan Amerika Soal Kondisi Palestina - Kompas.com
608,Apa Itu Brigade Al-Qassam? - Kompas.com
609,Kemenag Kota Bekasi Instruksikan Tiap Masjid Gelar Shalat Gaib untuk Doakan Palestina - Kompas.com
610,Indonesia Tawarkan Evakuasi Korban Perang di Jalur Gaza - Kompas.com
611,"Jokowi Bertemu HMI di Istana, Bahas Pemilu hingga Kondisi Palestina - Kompas.com"
612,"Terima 22 Mahasiswa Palestina, Prabowo: Pemerintah RI Sepenuhnya bersama Anda untuk Capai Kemerdekaan - Kompas.com"
613,"Israel Temukan Bibir Terowongan, tapi Belum Berani Masuk"
614,Video Latihan Penanganan Jenazah di Malaysia Tidak Terkait Konflik Israel-Palestina - Kompas.com
615,"HUT Ke-4 Partai Gelora, Anis Matta: Perjuangan Kemerdekaan Palestina adalah Amanat Konstitusi - Kompas.com"
616,Netanyahu: Kami Tak Akan Berhenti Sampai Menang
617,[HOAKS] Ronaldo Berikan Trofi Liga Champions kepada Palestina - Kompas.com
618,Detik-detik Israel Hancurkan Terowongan Hamas
619,"Kuasai Sisi Utara Gaza, Israel Hancurkan Gedung-gedung dari Darat dan Udara"
620,Mengapa Indonesia Harus Mendukung Perdamaian di Palestina? - Kompas.com
621,"Kisah Tragis Alaloul, Jurnalis Gaza yang Kehilangan 4 Anaknya"
622,Raja Yordania Peringatkan Israel Tidak Perluas Serangan di Gaza
623,Kim Jong Un Memerintahkan Dukungan untuk Palestina - Kompas.com
624,Panglima TNI Bakal Koordinasi dengan Mesir untuk Pengiriman Kapal RS #Shorts
625,Hamas Tembakkan 16 Roket dari Lebanon ke Israel
626,"Israel Klaim Kepung Gaza, Beberapa Ledakan Nampak di Perbatasan"
627,"Perang Hamas-Israel Paling Mematikan bagi PBB, 88 Pekerjanya Tewas"
628,[HOAKS] Pemberangkatan Pasukan Elite Malaysia untuk Perang di Lebanon dan Palestina - Kompas.com
629,"Hamas Bombardir Israel, Tembakkan 16 Roket dari Lebanon"
630,"Anggota Hizbullah Tewas, Pemakamannya Diantarkan Ratusan Pendukung"
631,Prabowo Akan ke Mesir Bahas Pengiriman Kapal RS ke Palestina
632,Jokowi Ceritakan Galaknya Menlu Retno Saat di Dewan Keamanan PBB
633,"Masih Berambisi Bersihkan Hamas, Netanyahu Janjikan Masa Depan Gaza Lebih Baik"
634,Kemenlu Tegaskan RS Indonesia di Gaza Dibangun untuk Tujuan Kemanusiaan
635,Kelompok Houthi Yaman Kembali Serang Israel
636,"Gelar Diskusi Penyaluran Bantuan Palestina, Kitabisa Hadirkan Tokoh Publik dan Lembaga Kemanusiaan - Kompas.com"
637,Kemlu RI Bantah Rumah Sakit Indonesia di Gaza Jadi Markas Pasukan Hamas
638,"Umat Yahudi di Amerika Turun ke Jalan, Serukan Gencatan Senjata dan Kebebasan untuk Palestina"
639,Erdogan: Palestina Harus Merdeka Sesuai dengan Perbatasan Tahun 1967
640,"Pesawat Ketiga RI Pembawa Bantuan 26,5 Ton untuk Palestina Tiba di Mesir - Kompas.com"
641,"Israel Bombardir Gaza, Korban Tembus 10.000 Jiwa"
642,"PBB: Gaza Menjadi Kuburan bagi Anak-anak, Tak Ada Tempat Aman"
643,PM Israel Sebut Negaranya Akan Ambil Alih Tanggung Jawab Keamanan Gaza Usai Perang
644,Korban Tewas di Gaza Capai 10.002 Jiwa
645,"Netanyahu Tuding Iran Dalang Pemberontakan, Hamas dan Hizbullah Bagian dari Antek-anteknya"
646,"AS Kirim Kapal Induk ke Laut Mediterania, Cegah Iran dan Kelompok Lain Ikut Campur Perang Hamas-Isra"
647,"Media Asing Sorot Aksi Bela Palestina di Monas, Apa Kata Mereka?"
648,Kemenlu Pastikan 3 Relawan WNI di Gaza Palestina dalam Kondisi Baik - Kompas.com
649,"Bentuk Dukungan terhadap Palestina, PSSI: Kibarkan Bendera ""Yes"", Terobos Lapangan ""No"" - Kompas.com"
650,Detik-detik Militer Israel Tembakkan Artileri di Dekat Jalur Gaza
651,MUI Salurkan Bantuan Rp 25 Miliar untuk Warga Palestina  - Kompas.com
652,"Lihat Adanya Ketidakadilan, PM Yordania: Kekejaman Israel di Gaza Bukan Lagi Pembelaan"
653,Deretan Solidaritas untuk Palestina dari Sepak Bola Indonesia - Kompas.com
654,"Saat PM Palestina Menangis di Rapat Kabinet, Ingat Seorang Ibu Terbunuh di Gaza"
655,Detik-detik Ledakan Guncang Gaza dan Ciptakan Kepulan Asap Tebal
656,"Nestapa Warga Gaza Penuhi Kebutuhan, Terpaksa Gunakan Air Laut karena Tak Ada Air Bersih"
657,"Israel Klaim Kepung Gaza, Ledakan-ledakan Terlihat di Perbatasan"
658,"Bantu Korban Perang di Palestina, TNI Akan Kirim Kapal Rumah Sakit KRI dr Radjiman Wedyodiningrat-992 - Kompas.com"
659,Israel Beri Waktu 4 Jam Warga Gaza Utara untuk Pergi ke Selatan
660,Erick Thohir Sebut FIFA Memperbolehkan Pengibaran Bendera Palestina - Kompas.com
661,Bantuan Kemanusiaan RI untuk Palestina Tiba di Mesir - Kompas.com
662,"Momen Hercules Pengangkut 51,5 Ton Bantuan ke Gaza Tiba di Mesir"
663,"Sehari Setelah Peringatkan Pemimpin Hizbullah, Israel Dapat Serangan dari Lebanon"
664,Aksi Bela Palestina di Monas Disorot Media Asing
665,Dubes Palestina: Apa yang Diperbuat Indonesia Sudah Lebih dari yang Kami Harapkan - Kompas.com
666,Pejabat Palestina Ungkap AS Tolak Permintaan Gencatan Senjata dari Presiden Mahmoud Abbas
667,"Blinken Temui Presiden Palestina, AS Berusaha Dinginkan Konflik Israel-Hamas"
668,Arab Saudi Murka Menteri Israel Ancam Ledakkan Bom Nuklir di Gaza
669,Dosen UMM: Ini Beberapa Dampak Boikot Produk Israel - Kompas.com
670,Paus Fransiskus Serukan Gencatan Senjata di Israel dan Gaza
671,"Terima Kunjungan Dubes Palestina, Prabowo Bahas Teknis Pengiriman Kapal Rumah Sakit  - Kompas.com"
672,Israel Tangkap Aktivis Palestina Ahed Tamimi - Kompas.com
673,"Aksi Bela Palestina di Monas Disorot Media Asing, Apa Kata Mereka? - Kompas.com"
674,Putin Kirim Dua Pesawat Bantuan Kemanusiaan untuk Gaza
675,"Cek Fakta Sepekan: Hoaks ""Barcode"" 729 Produk Israel dan Ketua MK Dipecat - Kompas.com"
676,Kamp Pengungsi di Jabalia Gaza Diserang Israel Lagi!
677,"Iron Dome Jebol, Serangan Hizbullah Mendarat di Israel"
678,Hamas Klaim Israel Intens Serang RS di Gaza Lebih dari 1 Jam
679,Dukungan Indonesia untuk Palestina
680,Menlu Retno: Evakuasi Satu Keluarga WNI di Gaza Selatan Belum Berhasil
681,Penampakan Kamp Jabalia Usai Dihantam Rudal Israel Kedua Kalinya
682,"Salurkan Kebaikan Rakyat Indonesia, Dompet Dhuafa Kirim Ribuan Bantuan untuk Palestina - Kompas.com"
683,Penampakan Terowongan Hamas yang Diincar Israel
684,"Pemerintah Siap Salurkan Bantuan Rp 31,9 Miliar untuk Palestina - Kompas.com"
685,Menlu Retno Minta Israel Hentikan Serangan ke Warga Palestina
686,"Israel Serang Konvoi Ambulans, Evakuasi Warga Ditangguhkan"
687,Netanyahu Berhentikan Menteri Israel karena Komentar soal Nuklir di Gaza
688,"Serangan Israel di Gaza Terus Berlanjut dari Darat dan Udara, Siang maupun Malam"
689,Aksi Nekat Anggota Hamas Serang Tank Israel dari Dekat
690,Netanyahu Berhentikan Menteri Israel Karena Komentar Soal Nuklir Di Gaza
691,Taktik Hamas Untuk Jebak Tentara Israel Di Gaza Gerilya Dan Kuasai Medan
692,Serba Serbi Poster Dukungan Dalam Aksi Bela Palestina Di Jakarta
693,Hamas Kecam Pertemuan Blinken Dengan Presiden Palestina Tegaskan As Tak Perlu Ikut Campur
694,Solidaritas Untuk Palestina Bergema Dari Jakarta
695,Penampakan Kehancuran Kamp Pengungsi Maghazi Yang Diserang Israel
696,Tiga Wni Relawan Mer C Pilih Tetap Di Gaza Bantu Warga Palestina
697,Panggilan Hati Untuk Bergerak Bersama Membela Palestina
698,Israel Sasar Generator Listrik Rumah Sakit Di Gaza
699,Israel Tegaskan Bahan Bakar Tidak Boleh Masuk Gaza
700,Dokter Tunjukkan Mencekamnya Rumah Sakit Di Gaza Pasien Membludak
701,Pesan Anies Usai Ikuti Aksi Bela Palestina
702,Negara Negara Arab Serukan Gencatan Senjata Blinken Tolak Mentah Mentah
703,Lukisan Di Atas Kaus Karya Anak Anak Bandung Dilelang Untuk Korban Palestina
704,Jusuf Kalla Minta Pemerintah Indonesia Rangkul As Untuk Hentikan Serangan
705,Isi Deklarasi Balfour Yang Bentuk Negara Israel Dan Ubah Sejarah Bangsa
706,Cuma Ada 40 Unit Omesh Lelang Royal Enfield Buat Bantu Palestina
707,4 Negara Tawarkan Jadi Tuan Rumah Timnas Palestina Di Kualifikasi Piala
708,Syifa Hadju Hingga Atta Halilintar Hadiri Pelepasan Bantuan Kemanusiaan
709,Menlu 5 Wni Di Gaza Berhasil Dievakuasi Segera Dipulangkan Ke Indonesia
710,Menlu Retno Sebut Pemerintah Berupaya Selamatkan Satu Keluarga Wni Di Gaza
711,Sekolah Pbb Di Gaza Diserang Israel 15 Orang Tewas
712,Jusuf Kalla Minta Jokowi Lakukan Diplomasi Kemanusiaan Untuk Bantu Palestina
713,Kai Buka Tutup Akses Stasiun Juanda Gondangdia Cegah Penumpukan Penumpang
714,Massa Aksi Bela Palestina Bubar Arus Lalu Lintas Di Sekitar Monas Mulai
715,Pidato Berapi Api Anies Saat Aksi Bela Palestina
716,Fadli Zon Sebut Negara G20 Terapkan Standar Ganda Pada Palestina
717,Lantunan Selawat Iringi Massa Aksi Bela Palestina Membubarkan Diri
718,Bicara Dalam Aksi Bela Palestina Di Monas Anies Baswedan Serukan Free
719,Sikap El Ghazi Usai Dipecat Klub Bundesliga Jerman Karena Bela Palestina
720,Aksi Damai Bela Palestina Selesai Massa Mulai Tinggalkan Area Monas
721,Puan Sebut Indonesia Konsisten Dukung Kemerdekaan Palestina Sejak Zaman
722,Momen Menlu Retno Sepenuh Hati Baca Puisi Palestina Saudaraku
723,Suara Menlu Retno Marsudi Bergetar Saat Bacakan Puisi Untuk Palestina
724,Menlu Retno Kami Tegaskan Kembali Dukungan Indonesia Pada Perjuangan
725,Hut Ke 4 Partai Gelora Gelar Aksi Bela Palestina Di Kaltim
726,Cara Menanam Semangka Kuning Dan Perawatannya
727,Ketika Semangka Warnai Aksi Damai Bela Palestina Di Monas
728,Sampaikan Tuntutan Dalam Aksi Akbar Bela Palestina Tokoh Lintas Agama
729,Aksi Bela Palestina Digelar Di Area Monas Emak Emak Dan Anak Anak Ikut
730,Ada Aksi Bela Palestina Di Monas Ini Rekayasa Lalin Dan Panduan Mui
731,Menlu Retno Puan Hingga Jusuf Kalla Hadiri Aksi Bela Palestina Di Monas
732,Panitia Ingatkan Massa Aksi Akbar Bela Palestina Tak Injak Rumput Monas
733,Dalam Aksi Akbar Bela Palestina Di Monas Umat Konghucu Titip Pesan Harus
734,Aksi Akbar Bela Palestina Undang Bacapres Dan Bacawapres 2024 Ke Monas
735,Ada Aksi Bela Palestina Di Monas Pagi Ini Berikut Rekayasa Lalu Lintasnya
736,Massa Aksi Damai Bela Palestina Mulai Berdatangan Bawa Atribut Bendera
737,Massa Aksi Bela Palestina Tak Hanya Berasal Dari Jakarta Sudah Berkumpul
738,Ada Aksi Damai Bela Palestina Di Monas Pengalihan Arus Situasional
739,Suasana Jelang Aksi Bela Palestina Di Monas
740,Uluran Tangan Pssi Kandang Indonesia Kandang Palestina Juga
741,Tangis Kepasrahan Jurnalis Tv Di Palestina Saat Laporkan Situasi Di Gaza
742,Partai Gelora Bela Palestina Bukan Hanya Kewajiban Tapi Juga Amanat
743,Rekaman Detik Detik Israel Lancarkan Serangan Udara Ke Jalur Gaza Utara
744,Mengenal Kelompok Hamas Seperti Apa Shorts
745,Profil Anwar El Ghazi Pemain Bola Yang Dipecat Usai Dukung Palestina
746,Hamas Kelompok Pembela Palestina Di Gaza
747,Partai Gelora Apresiasi Bantuan Pemerintah Untuk Palestina
748,Daftar Ka Yang Alami Perubahan Pola Keberangkatan Imbas Aksi Bela Palestina
749,Aksi Bela Palestina Di Monas Besok 13 Perjalanan Kereta Dari Gambir Juga
750,Pembunuhan Yitzhak Rabin Pm Israel Yang Upayakan Perdamaian Dengan
751,Akui Serang Konvoi Ambulans Israel Berdalih Incar Anggota Hamas
752,Kemenkes Kirim 7 Ton Bantuan Obat Dan Makanan Bergizi Ke Palestina
753,Menlu As Blinken Temui Pm Lebanon Di Yordania Bahas Gaza
754,Kemenlu Masih Usaha Evakuasi Satu Keluarga Wni Di Tengah Situasi Kritis
755,Jokowi Indonesia Akan Terus Bersama Perjuangan Bangsa Palestina
756,Selain Tolak Gencatan Senjata Israel Tak Izinkan Bahan Bakar Masuk Ke Gaza
757,Besok Pagi Mui Gelar Aksi Akbar Bela Palestina Di Monas
758,Besok Ribuan Orang Aksi Bela Palestina Di Monas Polisi Siapkan Pengamanan
759,Menhan Prabowo Akan Buka Seluruh Rs Tni Untuk Tampung Pasien Dari Palestina
760,Jokowi Sebut Pengiriman Bantuan Tahap Kedua Ke Gaza Dilakukan Sesegera
761,Anwar El Ghazi Dukung Palestina Kontrak Diputus Klub Bundesliga
762,Pemerintah Kirim 515 Ton Bantuan Kemanusiaan Ke Gaza Ini Rinciannya
763,Sejarah Semangka Menjadi Simbol Perlawanan Palestina
764,Kapolri Sebut Perang Israel Palestina Bisa Bangkitkan Sel Terorisme Di
765,Full Momen Jokowi Lepas 515 Ton Bantuan Kemanusiaan Untuk Palestina
766,Pemerintah Akan Kirim Kapal Rumah Sakit Untuk Bantu Warga Palestina
767,Pemerintah Kirim 515 Ton Bantuan Kemanusiaan Ke Gaza Jokowi Ini Tahap
768,Suasana Riuh Panik Warga Usai Serangan Terjadi Di Pintu Masuk 3 Rs Di Gaza Utara
769,Pemerintah Kirim 515 Ton Bantuan Kemanusiaan Ke Gaza
770,Mengenal Sejarah Dan Makna Keffiyeh Penutup Kepala Simbol Perlawanan
771,Detik Detik Angkatan Udara Israel Cegat Serangan Rudal Hamas
772,Sekjen Kemenaker Kemitraan Penting Untuk Atasi Masalah Pekerja Di Palestina
773,Israel Mulai Usir Pekerja Asal Gaza
774,Jusuf Kalla 1 Persen Hasil Kotak Amal Masjid Sumbangkan Untuk Palestina
775,Israel Bombardir Jalur Gaza Utara
776,Israel Tuding Iran Dukung Hizbullah Serang Perbatasan
777,5 Buah Lambang Perjuangan Palestina Bukan Cuma Semangka
778,Pejabat Senior Hamas Klaim Israel Gagal Dalam Operasi Pendudukannya
779,Aksi Bela Palestina Bakal Digelar 5 November 2023 Di Monas
780,Detik Detik Israel Bombardir Infrastruktur Hizbullah Di Lebanon
781,3 Wni Terjebak Di Gaza Menlu Sulit Dievakuasi Karena Isu Administrasi
782,Israel Mulai Usir Para Pekerja Asal Gaza
783,Dikaitkan Dengan Semangka Apa Makna Warna Bendera Palestina 
784,Menlu Sebut 3 Relawan Mer C Putuskan Bertahan Di Gaza
785,Tak Hanya Semangka Ini Buah Yang Jadi Lambang Perjuangan Palestina
786,Israel Mulai Kepung Gaza Ledakan Di Mana Mana
787,Detik Detik Muncul Kilatan Di Atas Langit Gaza Saat Operasi Darat Israel
788,Retno Marsudi Tunjukkan Peta Gaza Dan Ungkap Proses Evakuasi Wni
789,Militer Israel Merilis Rekaman Saat Pasukan Memasuki Kota Gaza
790,Indonesia Kirim Bantuan Untuk Palestina Besok Disalurkan Lewat Mesir
791,Korban Tewas Di Gaza Capai 9000 Orang
792,Jadi Ikon Palestina Ini Cara Menanam Semangka Dari Biji
793,Ada Bendera Dan Puisi Untuk Palestina Di Perayaan Hut Ke 416 Kota Makassar
794,Tni Kerahkan 2 Pesawat Hercules Kirim Bantuan Kemanusiaan Ke Gaza
795,Tiga Wni Masih Di Palestina Evakuasi Terhalang Isu Administrasi
796,Ucapan Syukur Wni Berhasil Dievakuasi Dari Palestina Terima Kasih Ibu Menlu
797,Pmi Akan Kirim 26 Ton Bantuan Untuk Rakyat Palestina
798,Kemenlu Berhasil Evakuasi 4 Wni Keluar Dari Palestina Saat Ini Berada Di
799,Negara Negara Penghasil Semangka Terbesar Di Dunia
800, Populer Tren Alasan Semangka Jadi Simbol Dukungan Palestina Daftar Kereta
801,Tni Kerahkan Pesawat Hercules Kirim Bantuan Kemanusiaan Ke Palestina
802,Krisis Gaza Dan Daftar Negara Yang Tarik Dubesnya Dari Israel Mana Saja 
803,Pemimpin Hamas Tawarkan Gagasan Untuk Hentikan Serangan Israel Di Gaza
804,Penampakan Terkini Jalur Gaza Dari Satelit
805,Menlu Iran Dan Turki Bertemu Bahas Konflik Israel Hamas Wanti Wanti As Bisa Ambil Tindakan
806, Klarifikasi Pengeboman Tangki Terjadi Di Sudan Bukan Gaza
807,Pakar Unair Tindakan Israel Wujud Kampanye Kejahatan Manusia
808,Semangka Jadi Simbol Dukungan Untuk Palestina Kenapa
809,Serbu Terowongan Serangan Darat Israel Kerahkan Anjing Pelacak Tank Dan Alat Berat
810,Cuek Dengan Penilaian Negara Lain Israel Akan Lanjutkan Operasi Untuk Kalahkan Hamas
811,Pemimpin Hamas Tuduh Israel Tutupi Kegagalan Dengan Menyerang Warga Sipil
812,Iha Minta Pemerintah Aktif Berdiplomasi Untuk Hentikan Serangan Israel Ke Gaza
813,Ramai Boikot Produk Pro Israel Ini Kata Kemenperin
814,10 Wni Terjebak Di Medan Pertempuran Gaza Kemlu Ri Upayakan Evakuasi
815,Detik Detik Sayap Militer Hamas Klaim Lakukan Serangan Udara Ke Israel
816,Israel Serang Kamp Pengungsi Gaza
817,Awal Mula Semangka Jadi Lambang Dukungan Ke Palestina
818,Apa Makna Slogan From River To The Sea Bagi Perjuangan Palestina 
819,Pemandangan Dari Dampak Serangan Israel Ke Jalur Gaza
820,Rusia Siap Bantu Anak Anak Palestina
821,Kemhan Ri Akan Kirim Bantuan Kemanusiaan Ke Jalur Gaza Palestina
822,7 Peristiwa Genosida Dalam Sejarah Ada Yang Tewaskan 60 Juta Orang
823, Klarifikasi Rombongan Jalak Terbang Di Roma Dinarasikan Sebagai Burung
824,Tni Siapkan 2 Pesawat Hercules Untuk Bantuan Kemanusiaan Ke Rakyat Palestina
825,Kenapa Semangka Jadi Simbol Dukungan Kepada Palestina
826,Cara As Danai Israel Dalam Perang Lawan Hamas
827,Konflik Israel Palestina Kegagalan Pbb Dan Anarki Sistem Internasional
828,5 Cara Atasi Stres Akibat Terpapar Berita Konflik Di Media Sosial
829,Detik Detik Houthi Yaman Luncurkan Rudal Balistik Ke Israel Untuk Bela Palestina
830,Houthi Akui Serang Israel Sebagai Bentuk Solidaritas Untuk Palestina
831,Bagaimana Awal Mula Semangka Jadi Simbol Dukungan Pada Palestina
832,Pasukan Israel Injakkan Kaki Di Gaza Incar Terowongan Di Tiap Sudut
833,Kamp Jabaliya Gaza Jadi Target Serangan Rumah Sakit Indonesia Jadi Rujukan Banyak Korban
834,Kelompok Houthi Yaman Ikut Serang Israel
835,Suar Terangi Langit Malam Di Gaza Saat Aksi Militer Israel Berlanjut
836,Pejabat Tinggi Ham Pbb Mundur Kecewa Pada Pbb Yang Tak Bisa Atasi Serangan
837,Kapolri Minta Polisi Waspada Perang Israel Palestina Bisa Bangkitkan Sel
838,Soal Dana Bantuan Untuk Israel Dan Ukraina As Seharusnya Tak Ada Permainan Politik
839,Mengenal Kamp Jabalia Rumah Ratusan Ribu Pengungsi Palestina Yang Jadi
840,Houthi Yaman Luncurkan Rudal Balistik Ke Israel
841,Generator Listrik Rs Indonesia Di Gaza Akan Kehabisan Bahan Bakar Sebentar Lagi
842,Kang Ds Ajak Masyarakat Doa Bersama Dan Galang Dana Untuk Bantu Korban Di
843,Apakah Israel Mulai Invasi Skala Penuh Ke Gaza
844,Mengapa Kebanyakan Negara Liga Arab Memiliki Warna Bendera Yang Sama 
845,Hamas Umumkan Akan Lepas Tawanan Asing
846, Hoaks Ronaldo Menangis Lihat Anak Palestina Ucapkan Takbir
847,Pantas Saja Israel Rakyatnya Makmur Meski Tanpa Minyak Apa Sebabnya
848,Memburuknya Situasi Gaza Jadi Perhatian Jokowi Tegaskan Indonesia Sangat Marah Melihatnya
849,Gunakan Gaza Sebagai Cerminan Warga Israel Berharap Negaranya Tak Berkonflik Dengan Hizbullah
850,Dubes Israel Pakai Bintang Kuning Di Rapat Dk Pbb Apa Maksudnya
851,Saat China Hapus Israel Dari Peta
852,Pbnu Bakal Gelar Forum Tokoh Agama Internasional Bahas Masalah Israel Hamas
853,Kemenlu Pastikan Relawan Meninggal Di Gaza Bukan Wni
854,Pbnu Kembali Serukan Shalat Gaib Dan Qunut Nazilah Untuk Korban Perang
855,Israel Dan Hamas Terus Baku Tembak Di Perbatasan
856,7 Pernyataan Sikap Pbnu Atas Konflik Palestina Dan Israel
857,Presiden Jokowi Suarakan Kemarahan Indonesia Lihat Memburuknya Situasi Di Gaza
858,Netanyahu Ultimatum Hizbullah Agar Tak Ikut Campur Dalam Konflik Dengan Hamas
859,Bantu Palestina Cak Imin Sebut Pkb Bakal Bentuk Komite Palestina
860,Netanyahu Akan Lanjutkan Perang Lawan Hamas Usai Gencatan Senjata
861,"Hamas Lanjut Bebaskan 12 Sanderanya, Israel Lepas 30 Tahanan Mereka"
862,"Israel Jatuhkan 6.000 Bom di Gaza dalam 6 Hari, Menlu Retno: Setara AS Bom Afghanistan 1 Tahun"
863,Sejarah dan Ucapan Hari Solidaritas Internasional untuk Rakyat Palestina - Kompas.com
864,"Gencatan Senjata Israel-Hamas di Perpanjang, Apa Alasannya?"
865,Warga Gaza Antre Bahan Bakar di Tengah Gencatan Senjata
866,Asap Mengepul di Langit Gaza Saat Gencatan Senjata Diperpanjang
867,Gaza Masih Krisis Pasokan di Tengah Gencatan Senjata Israel-Hamas
868,"Berbanding Terbalik, Tahanan Israel Dirawat Baik dan Tidak Disiksa"
869,"China Pimpin Dewan Keamanan PBB, Konflik Israel-Palestina Jadi Bahasan Utama"
870,"Prabowo Kirim Rp 5 M dan RS Apung ke Palestina, TKN: Bukti Prabowo Tak Cuma Mengecam - Kompas.com"
871,"Update Kondisi Gaza Terkini, Jumlah Korban Palestina Capai Lebih dari 15 Ribu Jiwa"
872,"Kampanye Hari Pertama, Prabowo Serahkan Bantuan ke Palestina Rp 5 Miliar"
873,Alasan Gencatan Senjata Hamas-Israel di Jalur Gaza Palestina Diperpanjang - Kompas.com
874,"Jubir: Hari Pertama Kampanye, Prabowo-Gibran Serahkan Bantuan Palestina"
875,Momen Bus Pembawa Tahanan Palestina yang Dibebaskan Tiba di Beituna Tepi Barat
876,Momen Elon Musk Bertemu Netanyahu di Israel
877,PBB Minta Jeda Kemanusiaan di Gaza Lanjut Gencatan Senjata Penuh
878,"Hamas Bebaskan 11 Sanderanya, Israel Beri Imbalan dengan Lepas 33 Tahanan Palestina"
879,Sejumlah Negara Serukan Solusi 2 Negara untuk Selesaikan Konflik Israel-Palestina - Kompas.com
880,"Gencatan Senjata Israel Hamas Diperpanjang Dua Hari, Lebih Banyak Sandera Dibebaskan?"
881,Tanggal 29 November Memperingati Hari Apa? - Kompas.com
882,"Bentrok dengan Tentara Israel, 7 Warga Palestina Tewas"
883,Hamas Berupaya Perpanjang Jeda Kemanusiaan di Jalur Gaza
884,Asap Mengepul Saat Israel dan Hamas Gencatan Senjata Hari Keempat
885,"Menlu Retno Ungkap Kekejaman Israel di Gaza, Jatuhkan 6.000 Bom dalam 6 Hari"
886,Gencatan Senjata di Gaza Diserukan Berlaku Permanen
887,Pemuda Palestina Sukarela Bersihkan RS Al Shifa agar Dapat Beroperasi
888,"Tanggapi Kasus Bitung, Ketua PBNU Minta Konflik di Gaza Tak Dibawa ke Pertentangan Agama"
889,"Buat Video Ujaran Kebencian untuk Palestina, Pria di Sumut Ditahan Polisi - Kompas.com"
890,Ribuan Warga Cilegon Kumpulkan Donasi Lebih dari Rp 500 Juta untuk Palestina - Kompas.com
891,Keakraban Tentara Brigade Al Qassam dengan Sandera
892,Warga Palestina Ungkap Sipir Penjara Israel Bebas Siksa Tahanan Wanita
893,[HOAKS] Video Polisi Merazia Orang-orang Berkaus Bela Palestina - Kompas.com
894,"Temu KolaborAksi untuk Palestina, Dompet Dhuafa Paparkan 3 Skema Penyaluran Bantuan - Kompas.com"
895,Momen Haru Warga Palestina yang Jadi Tahanan Kembali ke Yerusalem
896,Tahanan Palestina Kembali dan Disambut seperti Pahlawan di Tepi Barat
897,"Ketum PBNU: Jangan Bawa Konflik di Palestina Jadi Isu Pertentangan Agama, Bahaya Sekali - Kompas.com"
898,Saat Netanyahu Terharu Lihat Para Sandera Kembali ke Keluarga #Shorts
899,"Soroti Israel-Palestina, Jokowi: Sungguh Tidak Masuk Akal di Dunia Modern Masih Terjadi Perang - Kompas.com"
900,Israel Akan Lanjutkan Perang usai Gencatan Senjata Kemanusiaan Berakhir
901,30 Pelukis Jelekong Bandung Lelang Lukisan untuk Palestina - Kompas.com
902,Komandan Brigade Hamas dan 3 Pemimpin Senior Tewas Diserang Israel
903,"Netanyahu Terharu, Sebut Kemungkinan Ada Tambahan Hari Gencatan Senjata"
904,"RS Indonesia di Gaza Umumkan Selesai Evakuasi Penuh, Gaza Utara Kian Kosong Fasilitas Kesehatan"
905,"Gencatan Senjata Hamas-Israel Hari ke-2: Massa Menyambut 39 Tahanan Palestina, Israel Tangkap Warga Gaza yang Menuju Selatan - Kompas.com"
906,"Israel Langgar Kesepakatan, Hamas Sempat Tunda Pembebasan Sandera Tahap 2"
907,"Aksi Damai Bela Palestina di GDC Depok Selesai, Massa Pungut Sampah Saat Bubar - Kompas.com"
908,"Warga Depok Kumpulkan Donasi Rp 2,2 Miliar untuk Palestina - Kompas.com"
909,"Puluhan Ribu Orang Padati Jalanan London, Tuntut Gencatan Senjata Permanen di Gaza - Kompas.com"
910,Wali Kota Depok M Idris: Tak Ada Alasan Orang Indonesia Tidak Membela Palestina - Kompas.com
911,Warga Depok Gelar Aksi Damai Bela Palestina di kawasan GDC - Kompas.com
912,"39 Tahanan Palestina Dibebaskan Israel, Tiba di Yerusalem - Kompas.com"
913,Presiden Mesir Yakin Palestina Bisa Alami Demiliterisasi di Masa Depan - Kompas.com
914,Konvoi Truk Bantuan Masuki Gaza Selatan
915,Tentara Brigade Al Qassam Bopong Sandera untuk Diantarkan ke Israel
916,Penampakan Konvoi Truk Bantuan Memasuki Gaza Selatan
917,Momen Tentara Brigade Al Qassam Bopong Sandera untuk Diantarkan ke Israel
918,Isak Tangis Warga Palestina Saat Bebas dari Belenggu Penjara Israel
919,"Gencatan Senjata, 39 Perempuan dan Anak-anak Palestina Dibebaskan dari Penjara Israel - Kompas.com"
920,Kenapa Akhirnya Israel Setuju Gencatan Senjata 4 Hari?
921,"Israel Tembaki Warga Gaza Saat Gencatan Senjata, 2 Orang Tewas, 11 Terluka - Kompas.com"
922,Pasukan Israel Tembak Mati 2 Warga Palestina dan Lukai 11 Orang
923,Penampakan Ambulans dan Truk Isi Bantuan Lewati Perbatasan Mesir-Gaza Saat Gencatan Senjata
924,"Israel Jatuhkan Selebaran di Gaza Selatan, Peringatkan Warga Tak Kembali ke Utara"
925,Gencatan Senjata 4 Hari Hamas-Israel Resmi Dimulai
926,Ratusan Jemaah Masjid Pesanggrahan Shalat Gaib untuk Korban Jiwa di Palestina - Kompas.com
927,KRI dr Radjiman Wedyodiningrat-992 Dicat Putih dan Dicek Performanya Sebelum Misi Kemanusiaan ke Palestina - Kompas.com
928,Warga Palestina Berbondong-bondong Menuju Gaza Utara
929,Penampakan Kota Gaza di Hari Pertama Jeda Kemanusiaan
930,WNI Relawan di RS Indonesia Berhasil Dievakuasi ke Gaza Selatan
931,Momen Warga Palestina Berbondong-bondong Berjalan Menuju Gaza Utara
932,Deretan Panjang Truk Bantuan untuk Warga Gaza
933,Presiden Iran: Israel Gagal Mencapai Tujuannya di Gaza
934,"Israel-Hamas Gencatan Senjata, Mesir Tolak Pengungsi dari Gaza"
935,Video Tampilkan Serangan Militer Israel hingga Bunuh Komandan Hamas
936,Qatar: Perang Israel-Hamas Bisa Picu Rasa Balas Dendam Seluruh Generasi
937,"Momen Ma'ruf Amin Bertemu Uskup Agung Athena, Bahas Peperangan dan Perdamaian"
938,Detik-detik Diklaim Serangan Israel Berhasil Bunuh Komandan Hamas
939,"Jelang Gencatan Senjata, Israel Bom RS Indonesia Gaza"
940,Paus Fransiskus Sebut Perang Israel-Hamas Berubah Jadi Terorisme
941,Dompet Dhuafa Kirim Bantuan Tahap II untuk Warga Palestina - Kompas.com
942,MUI Depok Akan Gelar Aksi Damai Bela Palestina di Sepanjang GDC Minggu Ini - Kompas.com
943,Momen Truk Bantuan Antre Masuk Gaza Lewat Koridor Rafah
944,PM Spanyol Usulkan Pembicaraan tentang Pembentukan Negara Palestina - Kompas.com
945,Boikot Produk-produk Pro-Israel Meluas di Negara-Negara Arab
946,Jubir Qatar Umumkan Gencatan Senjata Israel-Hamas Dimulai Jumat Pagi
947,Warga Palestina Kecewa Atas Ditundanya Pembebasan Tahanan dari Israel
948,"Pembantaian Sabra-Shatila, Genosida di Kamp Pengungsi Palestina - Kompas.com"
949,"Tentara Israel Masuki Terowongan Hamas di RS Al Shifa, Temukan Ruang Ber-AC, Toilet, dan Dapur"
950,Rencana Erdogan Usai Hamas dan Israel Sepakat Gencatan Senjata 4 Hari
951,"Israel-Hamas Gencatan Senjata, Hizbullah Tetap Siap Perang"
952,"Menlu Iran Bertemu Pemimpin Hamas, Bahas Gaza"
953,Dua Jurnalis dan Warga Sipil Tewas dalam Serangan Israel di Lebanon Selatan
954,"5.300 Anak Tewas, UNICEF Sebut Gaza Tempat Paling Berbahaya di Dunia"
955,"Israel-Hamas Gencatan Senjata, Netanyahu: Perang Akan Terus Berlanjut"
956,"INFOGRAFIK: Video Perlihatkan Perang di Libya, Bukan Israel Vs Hamas  - Kompas.com"
957,Penampakan Terowongan di Bawah RS Al Shifa Gaza
958,Erdogan Kecam Israel dan Pendukungnya di Barat
959,"Perjuangan WNI Bawa Keluar Keluarga dari Gaza, Tiga Kali Bolak-balik Perbatasan hingga Risiko Dibombardir - Kompas.com"
960,Penampakan di Dalam RS Al Shifa Usai Diserbu Pasukan Israel
961,Bantuan Pertama BBM Masuk ke Gaza
962,MUI Tidak Pernah Keluarkan Daftar Produk yang Dianggap Pro-Israel - Kompas.com
963,"IDF Geledah Al Shifa, Tak Temukan Terowongan Sama Sekali, tapi Dapati Senpi AK-47"
964,Demo Warga AS Minta Biden Serukan Gencatan Senjata Israel
965,Doa Antar-Iman untuk Palestina di Candi Prambanan - Kompas.com
966,"Cerita WNI Dievakuasi dari Gaza, Tidak Mudah dan Berisiko Dibombardir - Kompas.com"
967,"Pulang ke Indonesia, WNI yang Dievakuasi dari Gaza: Terima Kasih, Prosesnya Tidak Mudah - Kompas.com"
968,[POPULER MONEY] Ekspor RI ke Israel Lebih Tinggi Dibanding ke Palestina |  Perbandingan Bunga Pinjol Indonesia Vs Negara Lain - Kompas.com
969,Doa Bersama Umat Hindu dan Lintas Agama untuk Palestina di Candi Prambanan - Kompas.com
970,"Erdogan Murka Lihat Kondisi Gaza, Sebut Israel Beri Ancaman Berbekal Bom Nuklir"
971,Kisah Warga Rusia yang Berhasil Dievakuasi dari Gaza: Bertahan Hidup Seadanya
972,"Pernyataan Senior Hamas ke Israel, Pertempuran Masih Tahap Awal"
973,Mesir Tegaskan Tak Pernah Tutup Gerbang Rafah
974,Pejabat Senior Hamas ke Israel: Pertempuran Masih Tahap Awal
975,"Iran Menggertak, Sebut Tuduhan Israel Omong Kosong dan Tidak Berdasar"
976,"Impor dari Israel ke Indonesia Naik, Per Oktober Tembus Rp 266 Miliar - Kompas.com"
977,DK PBB Belum Sepakat Mencari Jalan Tengah Untuk Konflik di Gaza
978,Israel Serbu RS Al Shifa di Gaza
979,Jokowi Sentil Keegoisan Negara Maju Saat Berikan Kuliah Umum di AS
980,Warga AS Pendukung Israel Demo Besar-besaran di Washington
981,"Sosok Suella Braverman, Mendagri Inggris yang Dipecat karena Anti-Palestina"
982,Hamas Tetap Serang Israel dengan Ribuan Roket meski Ditekan IDF
983,"Ekspor Indonesia ke Israel Capai Rp 2,21 Triliun, Jauh Lebih Tinggi Dibanding ke Palestina - Kompas.com"
984,Ambisi Israel Bangun Kanal Raksasa Tandingan Terusan Suez
985,AS Tuding Hamas Pakai RS Shifa dan Terowongan untuk Bersembunyi
986,"Perbincangan Jokowi dengan Biden Disorot Media Asing, Apa Kata Mereka?"
987,"Buka Dialog Para Menhan ASEAN, Prabowo Serukan Bantuan untuk Atasi Perang di Gaza - Kompas.com"
988,Hamas Kecam Tuduhan Uni Eropa Soal Warga Sipil sebagai “Tameng Manusia”
989,Mengapa Semangka Diangkat sebagai Simbol Perjuangan Rakyat Palestina? - Kompas.com
990,"Israel dan Hizbullah Memanas, Skenario Perang Meluas di Depan Mata?"
991,Hamas Sebut Israel Sebarkan Ilusi Telah Berhasil Duduki Jalur Gaza
992,Israel Berencana Caplok Sebagian Wilayah Gaza Usai Perang
993,Hizbullah Peringatkan Operasi Balasan Atas Serangan Israel ke Warga Sipil Lebanon
994,"Di Balik Pengungsian Gaza, Anak-anak Alami Penderitaan Infeksi Usus"
995,Keluarga Sandera Hamas Berkumpul di Yerusalem untuk Minta Bantuan PBB
996,[HOAKS] Video Terowongan Bawah Tanah RS Indonesia di Gaza - Kompas.com
997,"China Tak Kuasa Melihat Gaza, Xi Jinping Siap Temui Biden Bahas Perdamaian"
998,LazisNU Salurkan Bantuan Danone Indonesia untuk Palestina - Kompas.com
999,Ketua DPRD DKI Pakaikan Heru Budi Syal Palestina Saat Rapat Paripurna - Kompas.com
1000,Keluarga Sandera Hamas Berkumpul di Yerusalem Minta Bantuan PBB
1001,Detik-detik Serangan Israel ke Sekelompok Jurnalis di Lebanon Selatan
1002,"Di Tengah Rapat Paripurna, DPRD dan Pemprov DKI Doakan Palestina Merdeka - Kompas.com"
1003,"Jerman Tolak Gencatan Senjata di Gaza, Tegaskan Dukung Israel"
1004,"Israel Kirim Robot ke Terowongan Hamas, IDF Pamer Senjata Rampasan dan Buat Tudingan"
1005,Detik-detik Serangan Israel ke Sekelompok Jurnalis di Lebanon
1006,Potret Pengungsi Gaza Berebut Makanan di Dapur Umum Rafah
1007,PSSI Jelaskan Respons FIFA soal Bendera Palestina di Piala Dunia U17 2023 - Kompas.com
1008,Jokowi ke Joe Biden: Gencatan Senjata di Gaza adalah Keharusan demi Kemanusiaan - Kompas.com
1009,"Situasi Gaza Semakin Menyedihkan, RS Tutup dan Hancur, Tak Ada Lagi Sumber Kehidupan"
1010,Gedung Putih: Rumah Sakit di Gaza Harus Dilindungi
1011,"Bertemu Joe Biden, Jokowi Desak Amerika Bantu Hentikan Kekejaman di Gaza - Kompas.com"
1012,"[FULL] Perbincangan Biden dan Jokowi, Isu Gaza Tak Dapat Tanggapan Presiden AS"
1013,PM Palestina Tolak Ide Kamp Sementara bagi Pengungsi Palestina dengan Alasan Ini - Kompas.com
1014,"Momen Jokowi Bertemu Biden, Blak-blakan Bicara soal Gaza"
1015,Detik-detik Unit Bawah Air Israel Temukan Senjata Diduga Milik Hamas di Dasar Laut
1016,PM Palestina Tuding Israel Jadikan RS Shifa Sebagai Simbol Kekuasaan di Gaza
1017,Pejabat AS Duga Biden Akan Beri Jokowi Peran Lebih Besar Selesaikan Konflik Gaza
1018,"Hamas Minta ""Sahabat"" Arab dan Muslimnya Tekan AS Hentikan Agresi lewat Ekonomi dan Politik"
1019,"Suella Braverman Dipecat Jadi Mendagri Inggris, Sempat Berkomentar Polisi Bias Tangani Demo Pro-Palestina - Kompas.com"
1020,Jokowi: Israel Harus Tanggung Jawab atas Kekejaman yang Dilakukan
1021,Gumpalan Asap Saat Kendaraan Militer Israel Bergerak di Jalur Gaza
1022,22 Rumah Sakit Berhenti Beroperasi akibat Agresi Israel di Gaza
1023,Jokowi Serukan Gencatan Senjata di Gaza
1024,"Israel Langgar Aturan Perang, tapi Tuding Hamas Serigala Berbulu Domba"
1025,"Sambil Bergandengan, Jokowi Puji Erdogan"
1026,Hamas Desak Intervensi Internasional agar BBM Diizinkan Masuk Gaza
1027,2 RS Besar di Gaza Tak Beroperasi Usai Diserang Israel
1028,Palestina Desak Palang Merah Tekan Israel agar Berhenti Serang Gaza
1029,"Tolak Gencatan Senjata, Netanyahu Sebut Kematian Warga Sipil sebagai Tragedi"
1030,Penampakan Tank-Tank Israel di Gaza Utara
1031,"Jokowi Tiba di AS, Akan Bahas Israel-Palestina dan Nikel dengan Biden - Kompas.com"
1032,Potret Warga Palestina Tinggalkan Gaza Utara
1033,Jokowi Sebut Israel Kejam dan Sindir PBB Tak Berdaya
1034,"Jokowi ke AS, Erdogan: Amerika Punya Pengaruh di Israel, Harus Tekan Serangan di Gaza"
1035,Sejarah dan Makna Bendera Palestina - Kompas.com
1036,Jokowi: Saya Akan Sampaikan Pesan dari Presiden Palestina untuk Presiden AS
1037,"Bawa RPG, Hamas Hancurkan Tank Israel dari Jarak Dekat"
1038,"Warga Rusia Datangi Perbatasan Rafah, Putin Evakuasi 60 Warganya dari Gaza ke Mesir"
1039,[VIDEO] Konteks Keliru soal Narasi Hamas Paksa Warga Gaza Perangi Israel - Kompas.com
1040,Jokowi Serukan Gencatan Senjata Di Gaza
1041,Jokowi Israel Harus Tanggung Jawab Atas Kekejaman Yang Dilakukan
1042,Momen Pertemuan Jokowi Dan Erdogan Akrab Sampai Bergandengan Tangan
1043,Menlu Retno Ditunjuk Oki Jadi Salah Satu Juru Damai Untuk Palestina
1044,Jokowi Ktt Oki Hasilkan Resolusi Berisi Pesan Sangat Kuat Untuk Dunia
1045,Di Hadapan Pemimpin Negara Islam Jokowi Serukan Gencatan Senjata Di Gaza
1046,Jokowi Saya Akan Sampaikan Pesan Dari Presiden Palestina Untuk Presiden
1047,Presiden Tiba Di As Bawa Pesan Negara Negara Arab Agar Biden Tekan Israel
1048,Bayi Bayi Prematur Rumah Sakit Al Shifa Di Gaza Meninggal
1049,Ikut Aksi Bela Palestina Gubernur Jatim Ajak Masyarakat Berdoa Dan Berdonasi
1050,Kondisi Rs Indonesia Di Gaza Memprihatinkan Warga Membludak Krisis Obat Dan
1051,Kemenlu Ada 6 Wni Di Gaza Seluruhnya Selamat
1052,Di Ktt Oki Jokowi Ajak Dunia Hentikan Serangan Israel Ke Palestina
1053,Presiden Perancis Minta Israel Setop Bunuh Bayi Dan Perempuan Di Gaza
1054,Ke Palembang Gibran Beli Vespa Super 1978 Untuk Sumbang Palestina
1055,Full Menlu Retno Soal Hasil Ktt Oki 4 Poin Pernyataan Jokowi Terkait Palestina Israel
1056,Jokowi Rangkul Presiden Palestina Mahmoud Abbas Shorts
1057,Bayi Bayi Prematur Meninggal Usai Bahan Bakar Di Rs Gaza Habis
1058,Kali Pertama Drone Israel Jatuh Jauh Di Dalam Wilayah Lebanon
1059,Sampaikan Keprihatinan Jokowi Rangkul Presiden Palestina Di Ktt Oki
1060,Serangan Israel Tewaskan 50 Orang Di Sekolah Al Buraq Gaza
1061,Di Ktt Oki Jokowi Dunia Seolah Tak Berdaya Hentikan Kekejaman Israel
1062,Serangan Israel Tewaskan 50 Orang Di Sekolah Gaza Shorts
1063,Kenapa Israel Tega Serang Rs Indonesia Di Gaza
1064,Di Ktt Oki Riyadh Presiden Palestina Serukan As Bantu Akhiri Serangan
1065,As Akui Sudah Terlalu Banyak Warga Palestina Terbunuh Di Gaza
1066,Fatwa Mui Terkait Produk Israel Tegaskan 4 Ketentuan Dan 3 Imbauan
1067,Menag Keluarkan Edaran Umat Beragama Indonesia Diimbau Kirim Doa Dan Donasi
1068,Kata Media Asing Soal Fatwa Mui Haram Mendukung Agresi Israel
1069,Israel Revisi Jumlah Korban Tewas Serangan Hamas Dari 1400 Jadi 1200 Orang
1070,24 Dubes Negara Oki Kecam Agresi Israel Ke Palestina
1071,Ada Cfd Dan Aksi Bela Palestina Jalan Dari Summarecon Bekasi Hingga Bcp
1072,Akhiri Konflik Israel Hamas Pdi P Dorong Pemerintah Lakukan 5 Langkah
1073, Klarifikasi Salah Konteks Video Dengan Narasi Polisi Israel Cekik Anak
1074,Bertemu Joe Biden Jokowi Bawa Misi Perdamaian Gaza
1075,Detik Detik Israel Hadang Drone Yang Mendekat Ke Eilat
1076,Palestina Sebut Israel Tunda Pembebasan Sandera
1077,Israel Terus Gempur Gaza Asap Tebal Nampak Membubung Tinggi Di Perkotaan
1078,Piala Dunia U17 2023 Saat Bendera Palestina Iringi Perjuangan Indonesia
1079,Hoaks Palestina Buat Manipulasi Video Korban Serangan Israel
1080,Iran Peringatkan Perluasan Perang Gaza Tidak Bisa Dihindari Serangan Udara Telah Sasar Rs
1081,Pm Palestina Tuding Israel Tak Memerangi Hamas Namun Memerangi Seluruh Rakyat Palestina
1082,Nu Dan Muhammadiyah Bantuan Kemanusiaan Lebih Berguna Daripada Boikot
1083,Rudal Israel Hantam Dekat Rs Indonesia Kemenlu Pastikan 3 Wni Aman
1084,Israel Bantah Kondisi Jalur Gaza Alami Krisis Bantuan Kemanusiaan Terus Disalurkan
1085,Wajah Terkini Jalur Gaza Akibat Konflik Israel Hamas
1086,Kisah Di Balik Foto Ikonik Pemuda Bawa Bendera Palestina Dan Katapel
1087,Israel Setuju Jeda Kemanusiaan Tapi Pertempuran Di Gaza Terus Berlanjut
1088,Putin Turun Langsung Buka Upaya Gencatan Senjata Di Gaza
1089,Bersenjata Batu Warga Palestina Usir Kendaraan Militer Israel
1090,Presiden Erdogan Ejek Negara Barat Lemah Sikapi Konflik Hamas Israel
1091,Netanyahu Tegaskan Perang Akan Terus Berlanjut Sampai Hamas Kalah
1092,Fatwa Mui Dukung Kemerdekaan Palestina Wajib Dukung Agresi Israel Haram
1093,Houthi Yaman Luncurkan Rudal Ke Israel
1094,Gelar Aksi Bela Palestina Warga Tasikmalaya Injak Bendera Israel
1095,Infografik  Beredar Hoaks Hamas Memanipulasi Kematian Anak Di Gaza
1096,Lingkungan Rs Indonesia Di Gaza Dihantam 11 Rudal Bagaimana Kondisinya Saat
1097,Bantuan Indonesia Untuk Palestina Ditahan Israel Sempat Mandek Di Mesir
1098,Bantuan Indonesia Untuk Palestina Ditahan Israel Lebih Dulu Sebelum Ke Gaza
1099,Penampakan Kobaran Api Dan Ledakan Di Langit Malam Gaza
1100,Kata Media Asing Soal Aksi Boikot Produk Israel Di Indonesia
1101,Pemerintah Beri Beasiswa Bagi 22 Mahasiswa Palestina Kuliah Di Unhan
1102,Houthi Yaman Luncurkan Rudal Balistik Ke Israel Untuk Bela Palestina
1103,Cak Imin Dapat Mandat Usung Perdamaian Dari Komite Palestina
1104,Detik Detik Militer Israel Serang Kamp Pengungsian Jenin
1105,Israel Setuju Rehat 4 Jam Operasi Militer Per Hari Di Gaza Bukan Gencatan Senjata
1106,Rs Indonesia Di Gaza Akan Setop Operasional Karena Kehabisan Bbm
1107,Tentara Israel Akui Kehilangan Pasukan Derita Kerugian Saat Serangan Darat Di Gaza
1108,Hamas: Sandera Israel Tidak Akan Kembali Kecuali Agresi Berhenti
1109,[KLARIFIKASI] Video Pengibaran Bendera Israel Bukan Berlokasi di RS Al Shifa - Kompas.com
1110,"Putin Bertemu Presiden Iran, Sebut Perang Israel-Hamas Kegagalan Diplomasi AS"
1111,Beredar Video Tentara Israel Tembak Pria Difabel Palestina di Tepi Barat - Kompas.com
1112,"Hamas Ancam Israel, Sandera Tak Akan Kembali Kecuali Agresi Berhenti"
1113,Situasi Kota Terbesar di Gaza Usai Diserang Israel
1114,Tentara Israel di Gaza Keracunan Makanan
1115,"Tentara Israel di Gaza Keracunan Makanan, Alami Diare Parah dan Demam Tinggi"
1116,"UEA Sambut Putin dengan Mewah, Kerahkan Jet Akrobatik"
1117,Palestina Tembakkan Roket ke Israel dari Jalur Gaza
1118,"Perang Israel-Hamas Berlangsung 2 Bulan, Apa Saja yang Terjadi?"
1119,Intip Lokasi Gudang Senjata yang Diklaim Israel sebagai yang Terbesar di Gaza
1120,"2 Bulan Perang Israel-Hamas, 16.248 Warga Palestina Tewas, DK PBB Tak Juga Ambil Tindakan - Kompas.com"
1121,"Korban di Gaza Terus Bertambah, AS Tetap Kirim Senjata ke Israel"
1122,[HOAKS] Pemuda Palestina Palsukan Cedera Tangan akibat Disiksa Israel - Kompas.com
1123,"Sekjen PBB Surati Dewan Keamanan, Desak Gencatan Senjata Gaza"
1124,Penampakan Lokasi yang Diklaim Israel sebagai Gudang Senjata Terbesar di Jalur Gaza
1125,Hamas Bantah Tudingan Kekerasan Seksual pada Perempuan Israel
1126,"Tentara Israel Keracunan Makanan, Alami Diare Parah dan Demam Tinggi - Kompas.com"
1127,"Perhatian Putin kepada Palestina, Terbang ke UEA Bahas Konflik Israel-Hamas"
1128,Netanyahu: Hanya Israel yang Bisa Lenyapkan Hamas
1129,"Israel Berencana Banjiri Terowongan Hamas dengan Air Laut, Gaza Terancam Krisis Air Bersih"
1130,Netanyahu Janji Israel Akan Kendalikan Keamanan di Gaza Usai Perang
1131,"Penampakan RS Al Aqsa Dipadati Warga Gaza, Imbas Israel-Hamas Kembali Memanas"
1132,"Solidaritas Untuk Gaza, Gereja Di Betlehem Meniadakan Perayaan Natal"
1133,"Barisan Tank dan Tentara Israel Menuju Gaza Selatan, Panglima Perang Fase Ketiga Dimulai"
1134,"Momen Militer Israel Gempur Gaza Selatan, Lepaskan Serangan Darat dan Udara"
1135,Netanyahu Kembali Sebut Israel Akan Ambil Alih Keamanan di Gaza
1136,PBB Bantah Klaim AS soal Keberadaan Zona Aman Warga di Wilayah Gaza
1137,"Serangan Tak Berhenti, Israel Gempur Gaza dari Udara"
1138,"Israel Luncurkan Tembakan ke Lebanon, Listrik Dua Kota Padam"
1139,"Buka Pendaftaran Relawan ke Palestina, Masjid di Tanjung Priok Prioritaskan yang Berlatar Belakang Medis - Kompas.com"
1140,Israel Cabut Visa Koordinator Kemanusiaan PBB di Palestina
1141,AS Akan Tolak Visa Warga Israel Pelaku Kekerasan terhadap Warga Palestina di Tepi Barat  - Kompas.com
1142,Hamas Bantah Lakukan Kekerasan Seksual pada Serangan 7 Oktober 2023
1143,"Putin Mau ke Arab Saudi dan UEA, Bahas Perang Israel-Hamas"
1144,Netanyahu Klaim Israel Telah Lenyapkan Setengah Komandan Hamas
1145,Turkiye Peringatkan Israel Tak Incar Hamas di Luar Negeri
1146,"Dokter Laporkan Situasi di Gaza: Penyebaran Penyakit Menular, Persediaan Medis Tipis"
1147,Presiden Iran Analogikan Perang Israel-Hamas seperti Firaun Takluk dari Musa
1148,"Jumlah Pengungsi Gaza Hampir 2 Juta Orang, Israel Bersikukuh Tak Berniat Gusur Siapa Pun"
1149,"Erdogan ""Serang"" Netanyahu, Sebut PM Israel sebagai Penjagal Gaza"
1150,"Militer Israel Semakin Masuk ke Selatan Jalur Gaza, Desak Permukiman Palestina"
1151,"Setelah Terusir, Warga Gaza Kini Hadapi Serangan Penyakit Menular di Pengungsian"
1152,[HOAKS] Bendera Resmi Palestina pada 1939 Ada Gambar Bintang Daud - Kompas.com
1153,"Presiden Erdogan ""Pede"" PM Netanyahu Akan Diadili atas Serangan di Gaza"
1154,Israel Bantah soal Perintahkan WHO Kosongkan Gudang Bantuan di Gaza Selatan
1155,"Gencatan Senjata Usai, Israel Lanjut Gempur Gaza Selatan"
1156,Sidang Korupsi PM Israel Netanyahu Dilanjutkan Meski Masih Perang
1157,"Hampir 1,9 Juta Warga Mengungsi, Israel: Kami Tidak Menggusur Siapa Pun"
1158,Kondisi Gaza Setelah Serangan Israel yang Terus Jatuhkan Bom
1159,Panglima Militer Israel Tinjau Pasukan di Jalur Gaza
1160,"Detik-detik Roket Hamas Meluncur di Langit Gaza, Sasar Wilayah Israel"
1161,"Korban Serangan Israel Terus Berjatuhan di Khan Younis, Rumah Sakit Semakin Penuh"
1162,"Israel Desak Warga Gaza Mengungsi, Tempat Pengungsian di Muwasi Penuh Sesak"
1163,Kekuatan Militer Iran Lebih Kuat Dibanding Israel
1164,"Panglima Militer Israel Cek Pasukan di Jalur Gaza, Bersiap Perluas Serangan Darat"
1165,"Kekuatan Militer Iran, Satu Tingkat di Atas Israel"
1166,Menlu Iran Beri Peringatan soal Potensi Meluasnya Perang Israel
1167,Qatar Upayakan Jeda Kemanusiaan di Gaza Berlanjut
1168,"Israel Belum Puas, Sudah Hancurkan 500 dari 800 Terowongan yang Ditemukan"
1169,AS Yakin Israel Minimalisir Kematian Warga Sipil Gaza
1170,"Kirim Onderdil F-35 ke Israel, Belanda Digugat di Pengadilan"
1171,Hamas Peringatkan Israel Tak Ada Pembebasan Sandera Lagi Jika Perang Belum Usai
1172,"Gencatan Senjata Gaza Usai, Hizbullah dan Israel Terlibat Baku Tembak Lagi"
1173,Pejabat Senior Hamas Sebut Israel Keras Kepala
1174,"Frustrasi Dipaksa Terus Berpindah, Pengungsi Palestina: Mati Syahid Lebih Baik"
1175,"Rumah Sakit Gaza Kewalahan, Jumlah Korban Serangan Israel Terus Bertambah"
1176,"Dari Gaza Utara ke Selatan, Tidak Ada Tempat Aman untuk Warga Palestina"
1177,Arti Gambar Semangka terhadap Dukungan untuk Palestina - Kompas.com
1178,[KLARIFIKASI] Video Banjir Lebanon 2018 Diklaim Terjadi di Palestina - Kompas.com
1179,Hamas Akan Bahas Lagi Pembebasan Sandera dan Gencatan Senjata dengan Israel
1180,Militer Israel Rilis Video Penemuan dan Penghancuran Terowongan di Jalur Gaza
1181,"Gencatan Senjata Berakhir, AS Desak Israel Tak Serang Warga Sipil Palestina"
1182,"Gencatan Senjata Berakhir, AS Wanti Israel Tak Serang Warga Sipil Palestina"
1183,Menggaungkan Kemerdekaan Palestina dalam Aksi Munajat 212 Monas... - Kompas.com
1184,"Mengenal Houthi, Kelompok yang Ikut Serang Israel #Shorts"
1185,"Tak Ada Tempat Aman, Diminta Pindah ke Rafah, tapi Tetap Diserang"
1186,Pengurus Masjid di Tanjung Priok Pastikan Seleksi Calon Relawan Sebelum Diberangkatkan ke Palestina - Kompas.com
1187,"Israel Habis-habisan Buru Tiga Komandan Tertinggi Hamas, Ditangkap atau Tewas"
1188,"Gencatan Senjata di Gaza Tak Berlanjut, AS Tuding Hamas Biang Keroknya"
1189,Israel Beri Isyarat Lancarkan Serangan Darat ke Gaza Selatan
1190,"Jika Terpilih Jadi Presiden, Anies Ingin Kunjungi Palestina - Kompas.com"
1191,Israel Beri Tahu Negara-negara Arab Terkait Proposal Rencana Gaza ke Depan
1192,[HOAKS] Judul Artikel Presiden Israel Ancam Jadikan Indonesia seperti Palestina - Kompas.com
1193,AS Siap Larang Visa Pemukim Israel yang Lakukan Kekerasan pada Warga Palestina - Kompas.com
1194,"Situasi Gaza Kembali Mencekam, Serangan Roket Hiasi Langit Malam"
1195,"Situasi Gaza Kembali Mencekam, Serangan Udara Kembali Terjadi"
1196,"Roti Kopi Sukses Buka Jaringan di UEA, SImak Strateginya - Kompas.com"
1197,"[FULL] Suasana Aksi Munajat Kubro 212 di Monas, Berdoa untuk Kemerdekaan Palestina"
1198,"Kumpulkan Rp 101 Miliar, Baznas Targetkan Bangun Kawasan Indonesia di Palestina - Kompas.com"
1199,"Blinken ke Israel, Niat AS Ditolak Mentah-mentah Netanyahu"
1200,"Tidak Ikut Angkat Senjata, Ini Tugas Relawan yang Akan Diberangkatkan Masjid di Tanjung Priok ke Palestina - Kompas.com"
1201,"Gencatan Senjata Berakhir, Serangan Udara Israel Langsung Hantam Gaza Selatan"
1202,"Persiapkan Mental demi ke Palestina, Warga Bogor: Ini Bukan Bantuan Bencana Alam, tapi Pertempuran  - Kompas.com"
1203,"Cerita Warga Bogor Daftar Relawan ke Palestina, Rela Tinggalkan Keluarga Demi Kemanusiaan - Kompas.com"
1204,"400 Orang Daftar Jadi Relawan ke Palestina, Rela Tinggalkan Keluarga dan Pekerjaan - Kompas.com"
1205,"Hadiri Milad Ke-111 Muhammadiyah, Gubernur Riau: Bersama Kita Hadapi Tantangan - Kompas.com"
1206,"Situasi Gaza Terkini, Antara Negosiasi Perpanjang Jeda dan Kesiapan Israel Berperang"
1207,Israel Minta Penduduk Khan Younis Pindah ke Rafah
1208,"Gencatan Senjata Hamas-Israel Berakhir, Dentuman Kembali Terdengar di Gaza"
1209,Presiden Palestina Tolak Wacana Pemisahan Gaza dari Negaranya
1210,[HOAKS] PM Israel Mengaku Kalah dan Minta Maaf kepada Palestina - Kompas.com
1211,AS Tolak Gencatan Senjata Permanen di Gaza
1212,AS Tolak Gencatan Senjata Permanen di Gaza Pilih Perpanjang Jeda Kemanuasiaan
1213,Mesir Minta Keberangkatan KRI dr Radjiman untuk Bantu Korban Perang di Gaza Ditahan Dulu - Kompas.com
1214,Manipulasi Foto Bendera Israel Berkibar di Gedung Putih - Kompas.com
1215,Warga Tepi Barat Ditembaki Gas Air Mata Israel saat Sambut Tawanan Palestina
1216,Analis Pertahanan AS Prediksi Israel Cepat atau Lambat Akan Menyerang Kembali
1217,Houthi Ancam Tingkatkan Serangan ke Israel
1218,"Gencatan Senjata Israel Hamas Diperpanjang Lagi, Baru Sepakat di Menit-menit Terakhir"
1219,Aktivis Palestina Ahed Tamimi Dibebaskan Lagi dari Penjara Israel
1220,"Fasilitas KRI Radjiman, Kapal Perang yang Dikirim ke Palestina"
1221,"Gandeng Baznas RI, BPJS Ketenagakerjaan Serahkan Bantuan Kemanusiaan untuk Warga Palestina - Kompas.com"
1222,"Pembebasan Sandera Masih Berjalan, Hamas-Israel Sepakat Perpanjang Gencatan Senjata - Kompas.com"
1223,Hamas Sebut Israel Bunuh Warganya Sendiri
1224,KRI dr Radjiman Wedyodiningrat-992 Siap Berangkat Misi Kemanusiaan untuk Bantu Korban di Gaza - Kompas.com
1225,"Stockholm Syndrome, Saat Tawanan Israel Disebut Jatuh Cinta ke Tentara Hamas"
1226,UI Ingatkan Masyarakat Terus Dukung Perjuangan Palestina - Kompas.com
1227,"Situasi Terkini Gaza, Gencatan Senjata Diperpanjang, Penukaran Sandera Capai Kesepakatan"
1228,"Tiba di Jakarta, KRI dr Radjiman Menunggu Izin untuk Dikirim ke Palestina"
1229,Dompet Dhuafa-IHA Terus Kawal 11 Truk Bantuan Kemanusian Menuju Palestina - Kompas.com
1230,"Spesifikasi KRI dr Radjiman Wedyodiningrat-992 yang Bakal Jadi Kapal RS di Gaza, Palestina - Kompas.com"
1231,Begini Sebaiknya Orangtua Beri Pemahaman Konflik Palestina ke Anak - Kompas.com
1232,Petani Palestina Manfaatkan Gencatan Senjata Hamas-Israel untuk Panen Buah Zaitun
1233,"Di DK PBB, Menlu Retno: Saya Tak Paham ""Statement"" PM Israel Ini"
1234,"Penuh Haru, Gadis 10 Tahun Asal Gaza yang Terluka dalam Perang Israel-Hamas Dibawa Berobat"
1235,"Bantuan Bahan Bakar Kembali Masuk Gaza, WHO Upayakan Bantuan RS di Utara"
1236,Brigade Al Qassam Klaim 3 Sandera Tewas Karena Serangan Israel
1237,"Iran Puji Hamas, Gerakan Bersejarah untuk Usir AS dari Timur Tengah"
1238,"DPR Ungkap Menlu Retno Temui PBB Bahas Palestina-Israel di New York, Ini Poinnya"
1239,KRI dr Radjiman Wedyodiningrat-992 Tiba di Jakarta Sebelum Misi Kemanusiaan ke Palestina - Kompas.com
1240,"Temui Komisi I DPR, Ini Harapan Warga Palestina kepada Pemerintah Indonesia"
1241,"Remaja Palestina Mengenang Kekerasan di Penjara Israel: Dihina, Ditendang, Diancam - Kompas.com"
1242,"Komisi I DPR Terima Audiensi Perwakilan Warga Palestina, Apa yang Dibahas?"
1243,Menteri Keamanan Israel Ancam Hancurkan Pemerintahan Netanyahu jika Serangan ke Gaza Berhenti
1244,Israel Akan Lanjutkan Perang Lawan Hamas jika Pembebasan Sandera Dihentikan
1245,"Bukan Cuma Perang, Gempuran Penyakit Mulai Serang Warga Gaza"
1246,Pasukan Israel Bunuh 2 Anak Palestina di Tepi Barat - Kompas.com
1247,Israel Serang Jenin di Tepi Barat Saat Gencatan Senjata dengan Hamas
1248,Geliat Truk Bantuan Masuki Gaza via Perbatasan Rafah
1249,"Israel ""Panas"" Saat Warganya yang Ditawan Nyaman dengan Tentara Hamas"
1250,"Stockholm Syndrome, Ketika Tawanan Israel Disebut Jatuh Cinta dengan Tentara Hamas"
1251,Menebak Misi Rahasia Qatar di Balik Gencatan Senjata Hamas-Israel
1252,"Gencatan Senjata Hari Kelima, Banyak Bangunan Hancur di Al Hawa Gaza"
1253,Momen Sandera Hamas Lambaikan Tangannya Saat Dibebaskan
1254,Sejarah Wilayah Tepi Barat dalam Konflik Israel-Palestina - Kompas.com
1255,"Dari Podium Sidang PBB, Menlu Retno Suarakan Keprihatinan Indonesia atas Kondisi Gaza"
1256,"Pasca Bentrokan di Bitung, Kapolri Minta Masyarakat Hindari Provokasi - Kompas.com"
1257,Jumlah Warga Palestina dan Israel yang Dilepaskan Selama Gencatan Senjata Hampir Sama
